catalog_row,guid,metric_param_name,description,category,data_type,gb200_applicability,availability,source_families,primary_source,fallback_source,source_precedence,duplicate_alias_policy,target_collector,target_emitted_surface,current_coverage,implementation_status,coverage_reason,redfish_or_mrd_path,nvos_gnmi_path,nmx_t_field,nvos_cli_reference,onboard_dbus_reference,test_fixture_plan,live_validation_plan
763,NVSWITCH-NET-FW-VER,NET-FW-VER,Switch ASIC Firmware Version,Config,Text,GB200 NVL NvswitchTray,Available OOB,Redfish Fabric/Switch/Port; NMX-T; NVOS CLI; Onboard DBus,NMX-T,NVOS CLI,NMX-T then NVOS CLI then Onboard DBus then Redfish Fabric/Switch/Port,one canonical series unless source-qualified duplicate is justified,extend NmxtCollector mapping,nvswitch_net_fw_ver as inventory/info event or state metric with bounded labels,gap,gap-needs-implementation,No current BMC collector traverses Redfish Fabric/Switch/Port/SwitchMetrics resources,2021.1c /redfish/v1/Fabrics/$FabricId/Switches/$SwitchId {FirmwareVersion},NA,FW_Version,nv show platform firmware $name {name: {Name: ASIC}} {actual-firmware},busctl get-property xyz.openbmc_project.GpuMgr /xyz/openbmc_project/software/HGX_FW_NVSwitch_{InstanceId} xyz.openbmc_project.Software.Version Version,required: parser fixture plus metric emission assertion; live GB evidence before review pause,validate on GB200 NVLink Switch BMC/HOST after branch build-test-lint review
764,NVSWITCH-OS-VERSION,OS-VERSION,OS version,Inventory,Text,GB200 NVL NvswitchTray,Available OOB,NVOS CLI,NVOS CLI,NVOS CLI,NVOS CLI,one canonical series unless source-qualified duplicate is justified,BLOCKER: no current NVOS CLI collector; source equivalent required,nvswitch_os_version as inventory/info event or state metric with bounded labels,gap,gap-needs-implementation,No exact current collector mapping found,NA,NA,NA,nv show system version {kernel},NA,required: parser fixture plus metric emission assertion; live GB evidence before review pause,validate on GB200 NVLink Switch BMC/HOST after branch build-test-lint review
765,NVSWITCH-OS-KERNEL,OS-KERNEL,OS Kernel version,Inventory,Text,GB200 NVL NvswitchTray,Available OOB,NVOS CLI,NVOS CLI,NVOS CLI,NVOS CLI,one canonical series unless source-qualified duplicate is justified,BLOCKER: no current NVOS CLI collector; source equivalent required,nvswitch_os_kernel as inventory/info event or state metric with bounded labels,gap,gap-needs-implementation,No exact current collector mapping found,NA,NA,NA,nv show system version {image{build-id}},NA,required: parser fixture plus metric emission assertion; live GB evidence before review pause,validate on GB200 NVLink Switch BMC/HOST after branch build-test-lint review
766,NVSWITCH-EROT-FW-VERSION,EROT-FW-VERSION,ERoT FW version,Config,Text,GB200 NVL NvswitchTray,Available OOB,NVOS CLI,NVOS CLI,NVOS CLI,NVOS CLI,one canonical series unless source-qualified duplicate is justified,BLOCKER: no current NVOS CLI collector; source equivalent required,nvswitch_erot_fw_version as inventory/info event or state metric with bounded labels,gap,gap-needs-implementation,No exact current collector mapping found,NA,NA,NA,nv show platform firmware $name {name: {Name: EROT}} {actual-firmware},NA,required: parser fixture plus metric emission assertion; live GB evidence before review pause,validate on GB200 NVLink Switch BMC/HOST after branch build-test-lint review
767,NVSWITCH-BMC-VERSION,BMC-VERSION,BMC firmware version,Inventory,Text,GB200 NVL NvswitchTray,Available OOB,NVOS CLI,NVOS CLI,NVOS CLI,NVOS CLI,one canonical series unless source-qualified duplicate is justified,BLOCKER: no current NVOS CLI collector; source equivalent required,nvswitch_bmc_version as inventory/info event or state metric with bounded labels,gap,gap-needs-implementation,No exact current collector mapping found,NA,NA,NA,nv show platform firmware $name {name: {Name: BMC}} {actual-firmware},NA,required: parser fixture plus metric emission assertion; live GB evidence before review pause,validate on GB200 NVLink Switch BMC/HOST after branch build-test-lint review
794,NVSWITCH-LINK-DOWNED-COUNTER,LINK-DOWNED-COUNTER,Total number of times the Port Training state machine has failed the link error recovery process and downed the link.,Link-Quality,Integer,GB200 NVL NvswitchTray,Available,Redfish Fabric/Switch/Port; Redfish TelemetryService; NVOS gNMI; NMX-T; NVOS CLI,NVOS gNMI,Redfish TelemetryService,NVOS gNMI then Redfish TelemetryService then NMX-T then NVOS CLI then Redfish Fabric/Switch/Port,one canonical series unless source-qualified duplicate is justified,extend NvueGnmiCollector sample paths/processors,nvswitch_link_downed_counter MetricSample,partial_host,partial-needs-implementation,"NMX-T maps Link_Down to link_down; gNMI code listens for unintentional-link-down-events, not catalog link-downed path",2023.0b /redfish/v1/Fabrics/$FabricId/Switches/$SwitchId/Ports/$PortId/Metrics {Oem{Nvidia{LinkDownedCount}}},interfaces/interface[name=*]/infiniband/state/counters/port/link-downed,Link_Down,nv show interface $InterfaceId {InterfaceId: {type: nvl}} {link{counters{link-downed}}},,required: parser fixture plus metric emission assertion; live GB evidence before review pause,validate on GB200 NVLink Switch BMC/HOST after branch build-test-lint review
795,NVSWITCH-PORT-MALFORMED-PACKET-ERRORS,PORT-MALFORMED-PACKET-ERRORS,"Total number of packets received on the port that contain malformed packet errors • Data packets: LVer, length, VL • Link packets: operand, length, VL",Error,Integer,GB200 NVL NvswitchTray,Available,Redfish Fabric/Switch/Port; Redfish TelemetryService; NVOS gNMI; NMX-T; NVOS CLI,NVOS gNMI,Redfish TelemetryService,NVOS gNMI then Redfish TelemetryService then NMX-T then NVOS CLI then Redfish Fabric/Switch/Port,one canonical series unless source-qualified duplicate is justified,extend NvueGnmiCollector sample paths/processors,nvswitch_port_malformed_packet_errors MetricSample,gap,gap-needs-implementation,No current BMC collector traverses Redfish Fabric/Switch/Port/SwitchMetrics resources,2023.0b /redfish/v1/Fabrics/$FabricId/Switches/$SwitchId/Ports/$PortId/Metrics {Oem{Nvidia{MalformedPackets}}},/interfaces/interface [name]/phy-diag/state/port-malformed-packet-errors,PortMalformedPacketErrors,nv show interface $InterfaceId {InterfaceId: {type: nvl}} {link{phy{detail{port-malformed-packet-errors}}}},,required: parser fixture plus metric emission assertion; live GB evidence before review pause,validate on GB200 NVLink Switch BMC/HOST after branch build-test-lint review
796,NVSWITCH-PORT-NEIGHBOR-MTU-DISCARDS,PORT-NEIGHBOR-MTU-DISCARDS,Number of outbound packets discarded by the port because packet length exceeded the NeighborMTU.,Error,Integer,GB200 NVL NvswitchTray,Available,Redfish Fabric/Switch/Port; Redfish TelemetryService; NVOS gNMI; NMX-T; NVOS CLI,NVOS gNMI,Redfish TelemetryService,NVOS gNMI then Redfish TelemetryService then NMX-T then NVOS CLI then Redfish Fabric/Switch/Port,one canonical series unless source-qualified duplicate is justified,extend NvueGnmiCollector sample paths/processors,nvswitch_port_neighbor_mtu_discards MetricSample,gap,gap-needs-implementation,No current BMC collector traverses Redfish Fabric/Switch/Port/SwitchMetrics resources,2023.0b /redfish/v1/Fabrics/$FabricId/Switches/$SwitchId/Ports/$PortId/Metrics {Oem{Nvidia{NeighborMTUDiscards}}},/interfaces/interface [name]/phy-diag/state/port-neighbor-mtu-discards,PortNeighborMTUDiscards,nv show interface $InterfaceId {InterfaceId: {type: nvl}} {link{phy{detail{port-neighbor-mtu-discards}}}},,required: parser fixture plus metric emission assertion; live GB evidence before review pause,validate on GB200 NVLink Switch BMC/HOST after branch build-test-lint review
797,NVSWITCH-PORT-RCV-ERRORS,PORT-RCV-ERRORS,"Total number of packets containing an error that were received on the port. These errors include: • Local physical errors (ICRC, VCRC, LPCRC, and all physical errors that cause entry into the BAD PACKET or BAD PACKET DISCARD states of the packet receiver state machine) • Malformed data packet errors (LVer, length, VL) • Malformed link packet errors (operand, length, VL) • Packets discarded due to buffer overrun",Error,Integer,GB200 NVL NvswitchTray,Available,Redfish Fabric/Switch/Port; Redfish TelemetryService; NVOS gNMI; NMX-T; NVOS CLI,NVOS gNMI,Redfish TelemetryService,NVOS gNMI then Redfish TelemetryService then NMX-T then NVOS CLI then Redfish Fabric/Switch/Port,one canonical series unless source-qualified duplicate is justified,extend NvueGnmiCollector sample paths/processors,existing interface_in_errors MetricSample,covered_host_gnmi,already-covered-regression-required,NVUE gNMI sample processor emits interface_in_errors,2023.0b /redfish/v1/Fabrics/$FabricId/Switches/$SwitchId/Ports/$PortId/Metrics {RXErrors},interfaces/interface [name]/state/counters/in-errors,PortRcvErrors,nv show interface $InterfaceId {InterfaceId: {type: nvl}} {counters{in-errors}},,required: parser fixture plus metric emission assertion; live GB evidence before review pause,validate on GB200 NVLink Switch BMC/HOST after branch build-test-lint review
798,NVSWITCH-PORT-XMIT-DISCARDS,PORT-XMIT-DISCARDS,Total number of outbound packets discarded by the port because the port is down or congested.,Error,Integer,GB200 NVL NvswitchTray,Available,Redfish Fabric/Switch/Port; Redfish TelemetryService; NVOS gNMI; NMX-T; NVOS CLI,NVOS gNMI,Redfish TelemetryService,NVOS gNMI then Redfish TelemetryService then NMX-T then NVOS CLI then Redfish Fabric/Switch/Port,one canonical series unless source-qualified duplicate is justified,extend NvueGnmiCollector sample paths/processors,nvswitch_port_xmit_discards MetricSample,gap,gap-needs-implementation,No current BMC collector traverses Redfish Fabric/Switch/Port/SwitchMetrics resources,2023.0b /redfish/v1/Fabrics/$FabricId/Switches/$SwitchId/Ports/$PortId/Metrics {Networking{TXDiscards}},interfaces/interface[name=*]/state/counters/out-discards,PortXmitDiscards,nv show interface $InterfaceId {InterfaceId: {type: nvl}} {counters{out-drops}},,required: parser fixture plus metric emission assertion; live GB evidence before review pause,validate on GB200 NVLink Switch BMC/HOST after branch build-test-lint review
799,NVSWITCH-PORT-RCV-REMOTE-PHYSICAL-ERRORS,PORT-RCV-REMOTE-PHYSICAL-ERRORS,"Total number of packets marked with the EBP delimiter received on the port. EBP is a special kind of packet that indicates the end of a burst of packets. A burst is a sequence of packets sent in rapid succession. The use of EBP helps in flow control. By knowing the end of a burst, the receiving side can manage its buffers efficiently and ensure that packets are processed in order without dropping any due to buffer overruns.",Error,Integer,GB200 NVL NvswitchTray,Available,Redfish Fabric/Switch/Port; Redfish TelemetryService; NVOS gNMI; NMX-T; NVOS CLI,NVOS gNMI,Redfish TelemetryService,NVOS gNMI then Redfish TelemetryService then NMX-T then NVOS CLI then Redfish Fabric/Switch/Port,one canonical series unless source-qualified duplicate is justified,extend NvueGnmiCollector sample paths/processors,nvswitch_port_rcv_remote_physical_errors MetricSample,gap,gap-needs-implementation,No current BMC collector traverses Redfish Fabric/Switch/Port/SwitchMetrics resources,2023.0b /redfish/v1/Fabrics/$FabricId/Switches/$SwitchId/Ports/$PortId/Metrics {Oem{Nvidia{RXRemotePhysicalErrors}}},interfaces/interface[name=*]/infiniband/state/counters/port/rcv-remote-phy-errors,PortRcvRemotePhysicalErrors,nv show interface $InterfaceId {InterfaceId: {type: nvl}} {counters{link{port-rcv-remote-physical-errors}}},,required: parser fixture plus metric emission assertion; live GB evidence before review pause,validate on GB200 NVLink Switch BMC/HOST after branch build-test-lint review
800,NVSWITCH-PORT-RCV-SWITCH-RELAY-ERRORS,PORT-RCV-SWITCH-RELAY-ERRORS,"Total number of packets received on the port that were discarded because they could not be forwarded by the switch relay.This might happen if, for instance, the destination port is congested or there are internal switch errors.",Error,Integer,GB200 NVL NvswitchTray,Available,Redfish Fabric/Switch/Port; Redfish TelemetryService; NVOS gNMI; NMX-T; NVOS CLI,NVOS gNMI,Redfish TelemetryService,NVOS gNMI then Redfish TelemetryService then NMX-T then NVOS CLI then Redfish Fabric/Switch/Port,one canonical series unless source-qualified duplicate is justified,extend NvueGnmiCollector sample paths/processors,nvswitch_port_rcv_switch_relay_errors MetricSample,gap,gap-needs-implementation,No current BMC collector traverses Redfish Fabric/Switch/Port/SwitchMetrics resources,2023.0b /redfish/v1/Fabrics/$FabricId/Switches/$SwitchId/Ports/$PortId/Metrics {Oem{Nvidia{RXSwitchRelayErrors}}},interfaces/interface[name=*]/infiniband/state/counters/port/rcv-switch-relay-errors,PortRcvSwitchRelayErrors,nv show interface $InterfaceId {InterfaceId: {type: nvl}} {counters{link{port-rcv-remote-physical-errors}}},,required: parser fixture plus metric emission assertion; live GB evidence before review pause,validate on GB200 NVLink Switch BMC/HOST after branch build-test-lint review
801,NVSWITCH-QP1Dropped,QP1Dropped,"Number of QP1 MADs (packets) dropped due to resource limitations (e.g., lack of buffers or receives posted) on the port.",Error,Integer,GB200 NVL NvswitchTray,Available,Redfish Fabric/Switch/Port; Redfish TelemetryService; NVOS gNMI; NVOS CLI,NVOS gNMI,Redfish TelemetryService,NVOS gNMI then Redfish TelemetryService then NVOS CLI then Redfish Fabric/Switch/Port,one canonical series unless source-qualified duplicate is justified,extend NvueGnmiCollector sample paths/processors,nvswitch_qp1dropped MetricSample,gap,gap-needs-implementation,No current BMC collector traverses Redfish Fabric/Switch/Port/SwitchMetrics resources,2023.0b /redfish/v1/Fabrics/$FabricId/Switches/$SwitchId/Ports/$PortId/Metrics {Oem{Nvidia{QP1Dropped}}},interfaces/interface[name=*]/infiniband/state/counters/port/qp1-dropped,NA,nv show interface $InterfaceId {InterfaceId: {type: nvl}} {link{counters{qp1-drops}}},,required: parser fixture plus metric emission assertion; live GB evidence before review pause,validate on GB200 NVLink Switch BMC/HOST after branch build-test-lint review
802,NVSWITCH-VL15-DROPPED,VL15-DROPPED,"Number of incoming VL15 packets dropped due to resource limitations (e.g., lack of buffers) of the port.",Error,Integer,GB200 NVL NvswitchTray,Available,Redfish Fabric/Switch/Port; Redfish TelemetryService; NVOS gNMI; NMX-T,NVOS gNMI,Redfish TelemetryService,NVOS gNMI then Redfish TelemetryService then NMX-T then Redfish Fabric/Switch/Port,one canonical series unless source-qualified duplicate is justified,extend NvueGnmiCollector sample paths/processors,nvswitch_vl15_dropped MetricSample,gap,gap-needs-implementation,No current BMC collector traverses Redfish Fabric/Switch/Port/SwitchMetrics resources,2023.0b /redfish/v1/Fabrics/$FabricId/Switches/$SwitchId/Ports/$PortId/Metrics {Oem{Nvidia{VL15Dropped}}},interfaces/interface[name=*]/infiniband/state/counters/port/vl15-dropped,VL15Dropped,NA,,required: parser fixture plus metric emission assertion; live GB evidence before review pause,validate on GB200 NVLink Switch BMC/HOST after branch build-test-lint review
804,NVSWITCH-SERIAL,SERIAL,Serial Number,Inventory,Text,GB200 NVL NvswitchTray,Available OOB,Redfish Fabric/Switch/Port; NMX-T; NVOS CLI; Onboard DBus,NMX-T,NVOS CLI,NMX-T then NVOS CLI then Onboard DBus then Redfish Fabric/Switch/Port,one canonical series unless source-qualified duplicate is justified,extend NmxtCollector mapping,nvswitch_serial as inventory/info event or state metric with bounded labels,gap,gap-needs-implementation,No exact current collector mapping found,2021.1c /redfish/v1/Chassis/$ChassisId {SerialNumber},NA,sw_serial_number,nv show platform {serial-number},busctl get-property xyz.openbmc_project.GpuMgr /xyz/openbmc_project/inventory/system/chassis/NVSwitch1 xyz.openbmc_project.Inventory.Decorator.Asset SerialNumber,required: parser fixture plus metric emission assertion; live GB evidence before review pause,validate on GB200 NVLink Switch BMC/HOST after branch build-test-lint review
806,NVSWITCH-NODE-GUID,NODE-GUID,"GUID of the HCA, switch, GPU, or router itself. All ports on the same node shall report the same NodeGUID. Provides a means to uniquely identify a node within a subnet and determine co-location of ports.",Inventory,Text,GB200 NVL NvswitchTray,Available,Redfish Fabric/Switch/Port; NMX-T; NVOS CLI; Onboard DBus,NMX-T,NVOS CLI,NMX-T then NVOS CLI then Onboard DBus then Redfish Fabric/Switch/Port,one canonical series unless source-qualified duplicate is justified,extend NmxtCollector mapping,nvswitch_node_guid as inventory/info event or state metric with bounded labels,gap,gap-needs-implementation,No exact current collector mapping found,2021.1c /redfish/v1/Chassis/$ChassisId {UUID},NA,Node_GUID,nv show ib device $IbDeviceId {IbDeviceId: {type: NVLink*}} {guid},busctl get-property xyz.openbmc_project.GpuMgr /xyz/openbmc_project/inventory/system/chassis/HGX_NVSwitch_{InstanceId} xyz.openbmc_project.Common.UUID UUID,required: parser fixture plus metric emission assertion; live GB evidence before review pause,validate on GB200 NVLink Switch BMC/HOST after branch build-test-lint review
807,NVSWITCH-PORT-GUID,PORT-GUID,GUID of the port. All ports on the same switch shall report the same NodeGUID.,Inventory,Text,GB200 NVL NvswitchTray,Available,Redfish Fabric/Switch/Port; NMX-T,NMX-T,Redfish Fabric/Switch/Port,NMX-T then Redfish Fabric/Switch/Port,one canonical series unless source-qualified duplicate is justified,extend NmxtCollector mapping,nvswitch_port_guid as inventory/info event or state metric with bounded labels,gap,gap-needs-implementation,No exact current collector mapping found,2021.1c /redfish/v1/Chassis/$ChassisId {UUID},NA,Port_GUID,NA,NA,required: parser fixture plus metric emission assertion; live GB evidence before review pause,validate on GB200 NVLink Switch BMC/HOST after branch build-test-lint review
834,NVSWITCH-NVLINK-STATUS,@pshima@nvidia.com should be called PORT-PHYSICAL-STATE -Ziv Hillel IL NVLINK-STATUS,NVLink Link status (e.g. LinkUp),Status,Text,GB200 NVL NvswitchTray,Available OOB,Redfish Fabric/Switch/Port; Redfish TelemetryService; NVOS gNMI; NMX-T; NVOS CLI; Onboard DBus,NVOS gNMI,Redfish TelemetryService,NVOS gNMI then Redfish TelemetryService then NMX-T then NVOS CLI then Onboard DBus then Redfish Fabric/Switch/Port,one canonical series unless source-qualified duplicate is justified,extend NvueGnmiCollector sample paths/processors,nvswitch_pshima_nvidia_com_should_be_called_port_physical_state_ziv_hillel_il_nvlink_status as inventory/info event or state metric with bounded labels,gap,gap-needs-implementation,No current BMC collector traverses Redfish Fabric/Switch/Port/SwitchMetrics resources,2021.1c /redfish/v1/Fabrics/$FabricId/Switches/$SwitchId/Ports/$PortId {LinkStatus},interfaces/interface[name=$port_name]/infiniband/state/physical-port-state,phy_state,nv show interface $InterfaceId {InterfaceId: {type: nvl}} {link{physical-state}},busctl get-property xyz.openbmc_project.GpuMgr /xyz/openbmc_project/inventory/system/fabrics/HGX_NVLinkFabric_{InstanceId}/Switches/NVSwitch_{InstanceId}/Ports/NVLink_{InstanceId} xyz.openbmc_project.Inventory.Item.Port LinkStatus,required: parser fixture plus metric emission assertion; live GB evidence before review pause,validate on GB200 NVLink Switch BMC/HOST after branch build-test-lint review
846,NVSWITCH-LINK-ERROR-RECOVERY-COUNTER,LINK-ERROR-RECOVERY-COUNTER,Total number of times the Port Training state machine has successfully completed the link error recovery process. This enrty is applicable for platforms with NVL5.,Link-Quality,Integer,GB200 NVL NvswitchTray,Available,Redfish Fabric/Switch/Port; Redfish TelemetryService; NVOS gNMI; NMX-T; NVOS CLI,NVOS gNMI,Redfish TelemetryService,NVOS gNMI then Redfish TelemetryService then NMX-T then NVOS CLI then Redfish Fabric/Switch/Port,one canonical series unless source-qualified duplicate is justified,extend NvueGnmiCollector sample paths/processors,nvswitch_link_error_recovery_counter MetricSample,gap,gap-needs-implementation,No current BMC collector traverses Redfish Fabric/Switch/Port/SwitchMetrics resources,2023.0b /redfish/v1/Fabrics/$FabricId/Switches/$SwitchId/Ports/$PortId/Metrics {Oem{Nvidia{LinkErrorRecoveryCount}}},interfaces/interface[name=*]/infiniband/state/counters/port/link-error-recovery,LinkErrorRecoveryCounter,nv show interface $InterfaceId {InterfaceId: {type: nvl}} {counters{link{error-recovery}}},,required: parser fixture plus metric emission assertion; live GB evidence before review pause,validate on GB200 NVLink Switch BMC/HOST after branch build-test-lint review
847,NVSWITCH-PORT-MULTICAST-RCV-PKTS,PORT-MULTICAST-RCV-PKTS,"Total number of multicast packets, including multicast packets containing errors.",Status,Integer,GB200 NVL NvswitchTray,Available,Redfish Fabric/Switch/Port; Redfish TelemetryService; NVOS gNMI; NMX-T; NVOS CLI,NVOS gNMI,Redfish TelemetryService,NVOS gNMI then Redfish TelemetryService then NMX-T then NVOS CLI then Redfish Fabric/Switch/Port,one canonical series unless source-qualified duplicate is justified,extend NvueGnmiCollector sample paths/processors,nvswitch_port_multicast_rcv_pkts MetricSample,gap,gap-needs-implementation,No current BMC collector traverses Redfish Fabric/Switch/Port/SwitchMetrics resources,@pshima@nvidia.com spelling is wrong RXMulitcastFrames -> RXMulticastFrames _Assigned to Pradeep Kumar Shima US_ -Rajat Jain IN 2023.0b /redfish/v1/Fabrics/$FabricId/Switches/$SwitchId/Ports/$PortId/Metrics {Networking{RXMulticastFrames}},/interfaces/interface [name]/phy-diag/state/port-multi-cast-rcv-pkts,PortMultiCastRcvPkts,nv show interface $InterfaceId {InterfaceId: {type: nvl}} {counters{in-multicast-pkts}}},,required: parser fixture plus metric emission assertion; live GB evidence before review pause,validate on GB200 NVLink Switch BMC/HOST after branch build-test-lint review
848,NVSWITCH-PORT-MULTICAST-XMIT-PKTS,PORT-MULTICAST-XMIT-PKTS,Total number of multicast packets transmitted on all VLs from the port. This may include multicast packets with errors.,Status,Integer,GB200 NVL NvswitchTray,Available,Redfish Fabric/Switch/Port; Redfish TelemetryService; NVOS gNMI; NMX-T; NVOS CLI,NVOS gNMI,Redfish TelemetryService,NVOS gNMI then Redfish TelemetryService then NMX-T then NVOS CLI then Redfish Fabric/Switch/Port,one canonical series unless source-qualified duplicate is justified,extend NvueGnmiCollector sample paths/processors,nvswitch_port_multicast_xmit_pkts MetricSample,gap,gap-needs-implementation,No current BMC collector traverses Redfish Fabric/Switch/Port/SwitchMetrics resources,"@pshima@nvidia.com spelling issue , should be TXMulticastFrames _Assigned to Pradeep Kumar Shima US_ -Rajat Jain IN 2023.0b /redfish/v1/Fabrics/$FabricId/Switches/$SwitchId/Ports/$PortId/Metrics {Networking{TXMulticastFrames}}}",/interfaces/interface [name]/phy-diag/state/port-multi-cast-xmit-pkts,PortMultiCastXmitPkts,nv show interface $InterfaceId {InterfaceId: {type: nvl}} {counters{out-multicast-pkts}}},,required: parser fixture plus metric emission assertion; live GB evidence before review pause,validate on GB200 NVLink Switch BMC/HOST after branch build-test-lint review
849,NVSWITCH-PORT-RCV-DATA,PORT-RCV-DATA,"Total number of data octets, divided by 4, received on all VLs at the port. This includes all octets between (and not including) the start of packet delimiter and the VCRC, and may include packets containing errors.",Status,Integer,GB200 NVL NvswitchTray,Available,Redfish Fabric/Switch/Port; NVOS gNMI; NMX-T; NVOS CLI,NVOS gNMI,NMX-T,NVOS gNMI then NMX-T then NVOS CLI then Redfish Fabric/Switch/Port,one canonical series unless source-qualified duplicate is justified,extend NvueGnmiCollector sample paths/processors,nvswitch_port_rcv_data MetricSample,gap,gap-needs-implementation,No current BMC collector traverses Redfish Fabric/Switch/Port/SwitchMetrics resources,2023.0b /redfish/v1/Fabrics/$FabricId/Switches/$SwitchId/Ports/$PortId/Metrics {RXBytes},interfaces/interface[name=*]/state/counters/in-octets,PortRcvDataExtended,nv show interface $InterfaceId {InterfaceId: {type: nvl}} {counters{in-bytes}},,required: parser fixture plus metric emission assertion; live GB evidence before review pause,validate on GB200 NVLink Switch BMC/HOST after branch build-test-lint review
850,NVSWITCH-PORT-RCV-PKTS,PORT-RCV-PKTS,"Total number of received packets, including packets containing errors.",Status,Integer,GB200 NVL NvswitchTray,Available,Redfish Fabric/Switch/Port; NVOS gNMI; NMX-T; NVOS CLI,NVOS gNMI,NMX-T,NVOS gNMI then NMX-T then NVOS CLI then Redfish Fabric/Switch/Port,one canonical series unless source-qualified duplicate is justified,extend NvueGnmiCollector sample paths/processors,nvswitch_port_rcv_pkts MetricSample,gap,gap-needs-implementation,No current BMC collector traverses Redfish Fabric/Switch/Port/SwitchMetrics resources,2023.0b /redfish/v1/Fabrics/$FabricId/Switches/$SwitchId/Ports/$PortId/Metrics {Networking{RXFrames}},interfaces/interface[name=*]/state/counters/in-pkts,PortRcvPktsExtended,nv show interface $InterfaceId {InterfaceId: {type: nvl}} {counters{in-pkts}},,required: parser fixture plus metric emission assertion; live GB evidence before review pause,validate on GB200 NVLink Switch BMC/HOST after branch build-test-lint review
851,NVSWITCH-PORT-UNICAST-RCV-PKTS,PORT-UNICAST-RCV-PKTS,"Total number of unicast packets, including unicast packets containing errors.",Performance,Integer,GB200 NVL NvswitchTray,Available,Redfish Fabric/Switch/Port; Redfish TelemetryService; NVOS gNMI; NMX-T; NVOS CLI,NVOS gNMI,Redfish TelemetryService,NVOS gNMI then Redfish TelemetryService then NMX-T then NVOS CLI then Redfish Fabric/Switch/Port,one canonical series unless source-qualified duplicate is justified,extend NvueGnmiCollector sample paths/processors,nvswitch_port_unicast_rcv_pkts MetricSample,gap,gap-needs-implementation,No current BMC collector traverses Redfish Fabric/Switch/Port/SwitchMetrics resources,2023.0b /redfish/v1/Fabrics/$FabricId/Switches/$SwitchId/Ports/$PortId/Metrics {Networking{RXUnicastFrames}},/interfaces/interface [name]/phy-diag/state/port-uni-cast-rcv-pkts,PortUniCastRcvPkts,nv show interface $InterfaceId {InterfaceId: {type: nvl}} {counters{in-unicast-pkts}},,required: parser fixture plus metric emission assertion; live GB evidence before review pause,validate on GB200 NVLink Switch BMC/HOST after branch build-test-lint review
852,NVSWITCH-PORT-UNICAST-XMIT-PKTS,PORT-UNICAST-XMIT-PKTS,Total number of unicast packets transmitted on all VLs from the port. This may include unicast packets with errors.,Performance,Integer,GB200 NVL NvswitchTray,Available,Redfish Fabric/Switch/Port; Redfish TelemetryService; NVOS gNMI; NMX-T; NVOS CLI,NVOS gNMI,Redfish TelemetryService,NVOS gNMI then Redfish TelemetryService then NMX-T then NVOS CLI then Redfish Fabric/Switch/Port,one canonical series unless source-qualified duplicate is justified,extend NvueGnmiCollector sample paths/processors,nvswitch_port_unicast_xmit_pkts MetricSample,gap,gap-needs-implementation,No current BMC collector traverses Redfish Fabric/Switch/Port/SwitchMetrics resources,2023.0b /redfish/v1/Fabrics/$FabricId/Switches/$SwitchId/Ports/$PortId/Metrics {Networking{TXUnicastFrames}}},/interfaces/interface [name]/phy-diag/state/port-uni-cast-xmit-pkts,PortUniCastXmitPkts,nv show interface $InterfaceId {InterfaceId: {type: nvl}} {counters{out-unicast-pkts}},,required: parser fixture plus metric emission assertion; live GB evidence before review pause,validate on GB200 NVLink Switch BMC/HOST after branch build-test-lint review
853,NVSWITCH-PORT-XMIT-DATA,PORT-XMIT-DATA,"Total number of data octets, divided by 4, transmitted on all VLs from the port. This includes all octets between (and not including) the start of packet delimiter and the VCRC, and may include packets containing errors. It excludes all link packets.",Performance,Integer,GB200 NVL NvswitchTray,Available,Redfish Fabric/Switch/Port; NVOS gNMI; NMX-T; NVOS CLI,NVOS gNMI,NMX-T,NVOS gNMI then NMX-T then NVOS CLI then Redfish Fabric/Switch/Port,one canonical series unless source-qualified duplicate is justified,extend NvueGnmiCollector sample paths/processors,nvswitch_port_xmit_data MetricSample,gap,gap-needs-implementation,No current BMC collector traverses Redfish Fabric/Switch/Port/SwitchMetrics resources,2023.0b /redfish/v1/Fabrics/$FabricId/Switches/$SwitchId/Ports/$PortId/Metrics {TXBytes}},interfaces/interface[name=*]/state/counters/out-octets,PortXmitDataExtended,nv show interface $InterfaceId {InterfaceId: {type: nvl}} {counters{out-bytes}},,required: parser fixture plus metric emission assertion; live GB evidence before review pause,validate on GB200 NVLink Switch BMC/HOST after branch build-test-lint review
854,NVSWITCH-PORT-XMIT-PKTS,PORT-XMIT-PKTS,Total number of packets transmitted on all VLs from the port. This may include packets with errors,Performance,Integer,GB200 NVL NvswitchTray,Available,Redfish Fabric/Switch/Port; Redfish TelemetryService; NVOS gNMI; NMX-T; NVOS CLI,NVOS gNMI,Redfish TelemetryService,NVOS gNMI then Redfish TelemetryService then NMX-T then NVOS CLI then Redfish Fabric/Switch/Port,one canonical series unless source-qualified duplicate is justified,extend NvueGnmiCollector sample paths/processors,nvswitch_port_xmit_pkts MetricSample,gap,gap-needs-implementation,No current BMC collector traverses Redfish Fabric/Switch/Port/SwitchMetrics resources,2023.0b /redfish/v1/Fabrics/$FabricId/Switches/$SwitchId/Ports/$PortId/Metrics {Networking{TXFrames}},interfaces/interface[name=*]/state/counters/out-pkts,PortXmitPktsExtended,nv show interface $InterfaceId {InterfaceId: {type: nvl}} {counters{out-pkts}},,required: parser fixture plus metric emission assertion; live GB evidence before review pause,validate on GB200 NVLink Switch BMC/HOST after branch build-test-lint review
855,NVSWITCH-PORT-XMIT-WAIT,PORT-XMIT-WAIT,The number of ticks during which the port selected by PortSelect had data to transmit but no data was sent during the entire tick either because of insufficient credits or because of lack of arbitration.,Performance,Integer,GB200 NVL NvswitchTray,Available,Redfish Fabric/Switch/Port; Redfish TelemetryService; NVOS gNMI; NMX-T; NVOS CLI,NVOS gNMI,Redfish TelemetryService,NVOS gNMI then Redfish TelemetryService then NMX-T then NVOS CLI then Redfish Fabric/Switch/Port,one canonical series unless source-qualified duplicate is justified,extend NvueGnmiCollector sample paths/processors,nvswitch_port_xmit_wait MetricSample,gap,gap-needs-implementation,No current BMC collector traverses Redfish Fabric/Switch/Port/SwitchMetrics resources,2023.0b /redfish/v1/Fabrics/$FabricId/Switches/$SwitchId/Ports/$PortId/Metrics {Oem{Nvidia{TXWait}}},interfaces/interface[name=*]/infiniband/state/counters/port/xmit-wait,PortXmitWait,nv show interface $InterfaceId {InterfaceId: {type: nvl}} {counters{out-wait}},NA,required: parser fixture plus metric emission assertion; live GB evidence before review pause,validate on GB200 NVLink Switch BMC/HOST after branch build-test-lint review
862,NVSWITCH-CONTACT,CONTACT,UTF-8 encoded string to describe contact person.,Platform,Text,GB200 NVL NvswitchTray,Available IB,NVOS gNMI,NVOS gNMI,,NVOS gNMI,one canonical series unless source-qualified duplicate is justified,extend NvueGnmiCollector sample paths/processors,nvswitch_contact as inventory/info event or state metric with bounded labels,gap,gap-needs-implementation,No exact current collector mapping found,,platform-general/state/contact,NA,TBD,,required: parser fixture plus metric emission assertion; live GB evidence before review pause,validate on GB200 NVLink Switch BMC/HOST after branch build-test-lint review
863,NVSWITCH-LOCATION,LOCATION,UTF-8 encoded string to describe location of the device.,Platform,Text,GB200 NVL NvswitchTray,Available IB,NVOS gNMI; NVOS CLI,NVOS gNMI,NVOS CLI,NVOS gNMI then NVOS CLI,one canonical series unless source-qualified duplicate is justified,extend NvueGnmiCollector sample paths/processors,nvswitch_location as inventory/info event or state metric with bounded labels,gap,gap-needs-implementation,No exact current collector mapping found,,platform-general/state/location,NA,nv show platform chassis-location {slot-number},,required: parser fixture plus metric emission assertion; live GB evidence before review pause,validate on GB200 NVLink Switch BMC/HOST after branch build-test-lint review
864,NVSWITCH-NODE-DESCRIPTION,NODE-DESCRIPTION,UTF-8 encoded string to describe node in text format.,Inventory,Text,GB200 NVL NvswitchTray,Available,NVOS gNMI; NMX-T,NVOS gNMI,NMX-T,NVOS gNMI then NMX-T,one canonical series unless source-qualified duplicate is justified,extend NvueGnmiCollector sample paths/processors,nvswitch_node_description as inventory/info event or state metric with bounded labels,gap,gap-needs-implementation,No exact current collector mapping found,,platform-general/state/platform-name,node_description,NA,,required: parser fixture plus metric emission assertion; live GB evidence before review pause,validate on GB200 NVLink Switch BMC/HOST after branch build-test-lint review
865,NVSWITCH-LID,LID,Local ID- Link layer address of an end port.,NetworkId,Integer,GB200 NVL NvswitchTray,Available,NMX-T,NMX-T,,NMX-T,one canonical series unless source-qualified duplicate is justified,extend NmxtCollector mapping,nvswitch_lid MetricSample,gap,gap-needs-implementation,No exact current collector mapping found,,NA,lid,NA,,required: parser fixture plus metric emission assertion; live GB evidence before review pause,validate on GB200 NVLink Switch BMC/HOST after branch build-test-lint review
866,NVSWITCH-PORT-NUMBER,PORT-NUMBER,Port number,Inventory,Text,GB200 NVL NvswitchTray,Available,NMX-T,NMX-T,,NMX-T,one canonical series unless source-qualified duplicate is justified,extend NmxtCollector mapping,nvswitch_port_number as inventory/info event or state metric with bounded labels,gap,gap-needs-implementation,No exact current collector mapping found,,NA,Port_Number,NA,,required: parser fixture plus metric emission assertion; live GB evidence before review pause,validate on GB200 NVLink Switch BMC/HOST after branch build-test-lint review
867,NVSWITCH-PORT-LABEL,PORT-LABEL,Front panel label of the port,Inventory,Text,GB200 NVL NvswitchTray,Available,NMX-T,NMX-T,,NMX-T,one canonical series unless source-qualified duplicate is justified,extend NmxtCollector mapping,nvswitch_port_label as inventory/info event or state metric with bounded labels,gap,gap-needs-implementation,No exact current collector mapping found,,NA,port_label,NA,,required: parser fixture plus metric emission assertion; live GB evidence before review pause,validate on GB200 NVLink Switch BMC/HOST after branch build-test-lint review
868,NVSWITCH-REVISION,REVISION,Switch HW revision,Inventory,Integer,GB200 NVL NvswitchTray,Available OOB,NMX-T,NMX-T,,NMX-T,one canonical series unless source-qualified duplicate is justified,extend NmxtCollector mapping,nvswitch_revision MetricSample,gap,gap-needs-implementation,No exact current collector mapping found,NA,NA,sw_revision,NA,,required: parser fixture plus metric emission assertion; live GB evidence before review pause,validate on GB200 NVLink Switch BMC/HOST after branch build-test-lint review
869,NVSWITCH-DEVICE-HARDWARE-REVISION,DEVICE-HARDWARE-REVISION,DEvice HW revision,Inventory,Integer,GB200 NVL NvswitchTray,Available OOB,NMX-T,NMX-T,,NMX-T,one canonical series unless source-qualified duplicate is justified,extend NmxtCollector mapping,nvswitch_device_hardware_revision MetricSample,gap,gap-needs-implementation,No exact current collector mapping found,NA,NA,device_hw_rev,NA,,required: parser fixture plus metric emission assertion; live GB evidence before review pause,validate on GB200 NVLink Switch BMC/HOST after branch build-test-lint review
870,NVSWITCH-CPU_CORE_NUMBER,CPU_CORE_NUMBER,Number of cores,System,Integer,GB200 NVL NvswitchTray,Available,NVOS CLI,NVOS CLI,NVOS CLI,NVOS CLI,one canonical series unless source-qualified duplicate is justified,BLOCKER: no current NVOS CLI collector; source equivalent required,nvswitch_cpu_core_number MetricSample,gap,gap-needs-implementation,No exact current collector mapping found,,NA,NA,nv show system cpu {core-count},,required: parser fixture plus metric emission assertion; live GB evidence before review pause,validate on GB200 NVLink Switch BMC/HOST after branch build-test-lint review
872,NVSWITCH-ASIC-TEMP-CRITICAL,ASIC-TEMP-CRITICAL,"Critical temperature threshold for NVSwitch ASIC. Above this level, the system will shutdown.",Config,Integer,GB200 NVL NvswitchTray,Available OOB,NVOS CLI,NVOS CLI,NVOS CLI,NVOS CLI,one canonical series unless source-qualified duplicate is justified,BLOCKER: no current NVOS CLI collector; source equivalent required,nvswitch_asic_temp_critical MetricSample,gap,gap-needs-implementation,No exact current collector mapping found,,NA,NA,"nv show platform environment temperature $TemparatureId {TemparatureId: {Name: ""ASIC*""}} {crit}",,required: parser fixture plus metric emission assertion; live GB evidence before review pause,validate on GB200 NVLink Switch BMC/HOST after branch build-test-lint review
873,NVSWITCH-ASIC-TEMP-MAX,ASIC-TEMP-MAX,Max temperature threshold for NVSwitch ASIC.,Config,Integer,GB200 NVL NvswitchTray,Available OOB,NVOS CLI,NVOS CLI,NVOS CLI,NVOS CLI,one canonical series unless source-qualified duplicate is justified,BLOCKER: no current NVOS CLI collector; source equivalent required,nvswitch_asic_temp_max MetricSample,gap,gap-needs-implementation,No exact current collector mapping found,,NA,NA,"nv show platform environment temperature $TemparatureId {TemparatureId: {Name: ""ASIC*""}} {max}",,required: parser fixture plus metric emission assertion; live GB evidence before review pause,validate on GB200 NVLink Switch BMC/HOST after branch build-test-lint review
874,NVSWITCH-ASIC-TEMP-STATE,ASIC-TEMP-STATE,NVSwitch ASIC state - o.k./not o.k.,Status,Integer,GB200 NVL NvswitchTray,Available OOB,NVOS CLI,NVOS CLI,NVOS CLI,NVOS CLI,one canonical series unless source-qualified duplicate is justified,BLOCKER: no current NVOS CLI collector; source equivalent required,nvswitch_asic_temp_state MetricSample,gap,gap-needs-implementation,No exact current collector mapping found,,NA,NA,"nv show platform environment temperature $TemparatureId {TemparatureId: {Name: ""ASIC*""}} {state}",,required: parser fixture plus metric emission assertion; live GB evidence before review pause,validate on GB200 NVLink Switch BMC/HOST after branch build-test-lint review
875,NVSWITCH-ASIC-TEMP-CURRENT,ASIC-TEMP-CURRENT,NVSwitch ASIC current temperature,Sensor.Thermal,Integer,GB200 NVL NvswitchTray,Available,NVOS gNMI; NMX-T; NVOS CLI,NVOS gNMI,NMX-T,NVOS gNMI then NMX-T then NVOS CLI,one canonical series unless source-qualified duplicate is justified,extend NvueGnmiCollector sample paths/processors,nvswitch_asic_temp_current MetricSample,gap,gap-needs-implementation,No exact current collector mapping found,NA,components/component[name=ASIC*]/asic/state/asic-temp,Chip_Temp,"nv show platform environment temperature $TemparatureId {TemparatureId: {Name: ""ASIC*""}} {current}",,required: parser fixture plus metric emission assertion; live GB evidence before review pause,validate on GB200 NVLink Switch BMC/HOST after branch build-test-lint review
876,NVSWITCH-ASIC-NAME,ASIC-NAME,NVSwitch ASIC current temperature,Platform,Integer,GB200 NVL NvswitchTray,Available,NVOS gNMI; NVOS CLI,NVOS gNMI,NVOS CLI,NVOS gNMI then NVOS CLI,one canonical series unless source-qualified duplicate is justified,extend NvueGnmiCollector sample paths/processors,nvswitch_asic_name MetricSample,gap,gap-needs-implementation,No exact current collector mapping found,NA,components/component[name=ASIC*]/state/name,NA,nv show platform {asic-model},,required: parser fixture plus metric emission assertion; live GB evidence before review pause,validate on GB200 NVLink Switch BMC/HOST after branch build-test-lint review
879,NVSWITCH-AMBIENT-MNG-TEMP-STATE,AMBIENT-MNG-TEMP-STATE,Ambient temperature located in port side state - o.k./not o.k.,Status,Integer,GB200 NVL NvswitchTray,Available OOB,NVOS CLI,NVOS CLI,NVOS CLI,NVOS CLI,one canonical series unless source-qualified duplicate is justified,BLOCKER: no current NVOS CLI collector; source equivalent required,nvswitch_ambient_mng_temp_state MetricSample,gap,gap-needs-implementation,No exact current collector mapping found,,NA,NA,nv show platform environment temperature $TemparatureId {TemparatureId: {Name: Ambient-MNG-Temp}} {state},,required: parser fixture plus metric emission assertion; live GB evidence before review pause,validate on GB200 NVLink Switch BMC/HOST after branch build-test-lint review
880,NVSWITCH-AMBIENT-MNG-TEMP-CURRENT,AMBIENT-MNG-TEMP-CURRENT,Ambient temperature located in port side,Sensor.Thermal,Integer,GB200 NVL NvswitchTray,Available OOB,NVOS CLI,NVOS CLI,NVOS CLI,NVOS CLI,one canonical series unless source-qualified duplicate is justified,BLOCKER: no current NVOS CLI collector; source equivalent required,nvswitch_ambient_mng_temp_current MetricSample,gap,gap-needs-implementation,No exact current collector mapping found,,NA,NA,nv show platform environment temperature $TemparatureId {TemparatureId: {Name: Ambient-MNG-Temp}} {current},,required: parser fixture plus metric emission assertion; live GB evidence before review pause,validate on GB200 NVLink Switch BMC/HOST after branch build-test-lint review
881,NVSWITCH-CPU_PACK_TEMP_CRITICAL,CPU_PACK_TEMP_CRITICAL,"Critical temperature threshold for CPU PACK, above this level the system will shutdown",Config,Integer,GB200 NVL NvswitchTray,Available OOB,NVOS CLI,NVOS CLI,NVOS CLI,NVOS CLI,one canonical series unless source-qualified duplicate is justified,BLOCKER: no current NVOS CLI collector; source equivalent required,nvswitch_cpu_pack_temp_critical MetricSample,gap,gap-needs-implementation,No exact current collector mapping found,,NA,NA,nv show platform environment temperature $TemparatureId {TemparatureId: {Name: CPU-Pack-Temp}} {crit},,required: parser fixture plus metric emission assertion; live GB evidence before review pause,validate on GB200 NVLink Switch BMC/HOST after branch build-test-lint review
882,NVSWITCH-CPU_PACK_TEMP_MAX,CPU_PACK_TEMP_MAX,Max temperature threshold for CPU PACK,Config,Integer,GB200 NVL NvswitchTray,Available OOB,NVOS CLI,NVOS CLI,NVOS CLI,NVOS CLI,one canonical series unless source-qualified duplicate is justified,BLOCKER: no current NVOS CLI collector; source equivalent required,nvswitch_cpu_pack_temp_max MetricSample,gap,gap-needs-implementation,No exact current collector mapping found,,NA,NA,nv show platform environment temperature $TemparatureId {TemparatureId: {Name: CPU-Pack-Temp}} {max},,required: parser fixture plus metric emission assertion; live GB evidence before review pause,validate on GB200 NVLink Switch BMC/HOST after branch build-test-lint review
883,NVSWITCH-CPU_PACK_TEMP_STATE,CPU_PACK_TEMP_STATE,CPU PACK temperature state - o.k./not o.k.,Status,Integer,GB200 NVL NvswitchTray,Available OOB,NVOS CLI,NVOS CLI,NVOS CLI,NVOS CLI,one canonical series unless source-qualified duplicate is justified,BLOCKER: no current NVOS CLI collector; source equivalent required,nvswitch_cpu_pack_temp_state MetricSample,gap,gap-needs-implementation,No exact current collector mapping found,,NA,NA,nv show platform environment temperature $TemparatureId {TemparatureId: {Name: CPU-Pack-Temp}} {state},,required: parser fixture plus metric emission assertion; live GB evidence before review pause,validate on GB200 NVLink Switch BMC/HOST after branch build-test-lint review
884,NVSWITCH-CPU_PACK_TEMP_CURRENT,CPU_PACK_TEMP_CURRENT,CPU PACK temperature,Sensor.Thermal,Integer,GB200 NVL NvswitchTray,Available OOB,NVOS CLI,NVOS CLI,NVOS CLI,NVOS CLI,one canonical series unless source-qualified duplicate is justified,BLOCKER: no current NVOS CLI collector; source equivalent required,nvswitch_cpu_pack_temp_current MetricSample,gap,gap-needs-implementation,No exact current collector mapping found,,NA,NA,nv show platform environment temperature $TemparatureId {TemparatureId: {Name: CPU-Pack-Temp}} {current},,required: parser fixture plus metric emission assertion; live GB evidence before review pause,validate on GB200 NVLink Switch BMC/HOST after branch build-test-lint review
885,NVSWITCH-CPU-UTIL,CPU-UTIL,ComE CPU utilization,System,Integer,GB200 NVL NvswitchTray,Available,NVOS gNMI; NVOS CLI,NVOS gNMI,NVOS CLI,NVOS gNMI then NVOS CLI,one canonical series unless source-qualified duplicate is justified,extend NvueGnmiCollector sample paths/processors,nvswitch_cpu_util MetricSample,gap,gap-needs-implementation,No exact current collector mapping found,NA,components/component[name=cpu]/cpu/utilization/state/avg,NA,nv show system cpu {total-utilization},NA,required: parser fixture plus metric emission assertion; live GB evidence before review pause,validate on GB200 NVLink Switch BMC/HOST after branch build-test-lint review
886,NVSWITCH-MEM-UTIL,MEM-UTIL,Memory in used,System,Integer,GB200 NVL NvswitchTray,Available,NVOS gNMI; NVOS CLI,NVOS gNMI,NVOS CLI,NVOS gNMI then NVOS CLI,one canonical series unless source-qualified duplicate is justified,extend NvueGnmiCollector sample paths/processors,nvswitch_mem_util MetricSample,gap,gap-needs-implementation,No exact current collector mapping found,NA,platform-general/state/memory-used,NA,nv show system memory {physical{utilization}},NA,required: parser fixture plus metric emission assertion; live GB evidence before review pause,validate on GB200 NVLink Switch BMC/HOST after branch build-test-lint review
887,NVSWITCH-MEM-TOTAL-SIZE,MEM-TOTAL-SIZE,Memory total size,System,Integer,GB200 NVL NvswitchTray,Available,NVOS gNMI; NVOS CLI,NVOS gNMI,NVOS CLI,NVOS gNMI then NVOS CLI,one canonical series unless source-qualified duplicate is justified,extend NvueGnmiCollector sample paths/processors,nvswitch_mem_total_size MetricSample,gap,gap-needs-implementation,No exact current collector mapping found,NA,platform-general/state/memory-total-size,NA,nv show system memory {physical{total}},NA,required: parser fixture plus metric emission assertion; live GB evidence before review pause,validate on GB200 NVLink Switch BMC/HOST after branch build-test-lint review
888,NVSWITCH-DISK-TOTAL-SIZE,DISK-TOTAL-SIZE,Memory in used,System,Integer,GB200 NVL NvswitchTray,Available,NVOS gNMI,NVOS gNMI,,NVOS gNMI,one canonical series unless source-qualified duplicate is justified,extend NvueGnmiCollector sample paths/processors,nvswitch_disk_total_size MetricSample,gap,gap-needs-implementation,No exact current collector mapping found,NA,platform-general/state/disk-total-size,NA,TBD,NA,required: parser fixture plus metric emission assertion; live GB evidence before review pause,validate on GB200 NVLink Switch BMC/HOST after branch build-test-lint review
889,NVSWITCH-DISK-USED,DISK-USED,Memory in used,System,Integer,GB200 NVL NvswitchTray,Available,NVOS gNMI,NVOS gNMI,,NVOS gNMI,one canonical series unless source-qualified duplicate is justified,extend NvueGnmiCollector sample paths/processors,nvswitch_disk_used MetricSample,gap,gap-needs-implementation,No exact current collector mapping found,NA,platform-general/state/disk-used,NA,TBD,NA,required: parser fixture plus metric emission assertion; live GB evidence before review pause,validate on GB200 NVLink Switch BMC/HOST after branch build-test-lint review
890,NVSWITCH-SODIMM_TEMP_CRITICAL,SODIMM_TEMP_CRITICAL,"Critical temperature threshold for SODIMM temperature, above this level the system will shutdown",Config,Integer,GB200 NVL NvswitchTray,Available OOB,NVOS CLI,NVOS CLI,NVOS CLI,NVOS CLI,one canonical series unless source-qualified duplicate is justified,BLOCKER: no current NVOS CLI collector; source equivalent required,nvswitch_sodimm_temp_critical MetricSample,gap,gap-needs-implementation,No exact current collector mapping found,,NA,NA,"nv show platform environment temperature $TemparatureId {TemparatureId: {Name: ""SODIMM-*-Temp""}} {crit}",,required: parser fixture plus metric emission assertion; live GB evidence before review pause,validate on GB200 NVLink Switch BMC/HOST after branch build-test-lint review
891,NVSWITCH-SODIMM_TEMP_MAX,SODIMM_TEMP_MAX,Max temperature threshold for SODIMM temperature,Config,Integer,GB200 NVL NvswitchTray,Available OOB,NVOS CLI,NVOS CLI,NVOS CLI,NVOS CLI,one canonical series unless source-qualified duplicate is justified,BLOCKER: no current NVOS CLI collector; source equivalent required,nvswitch_sodimm_temp_max MetricSample,gap,gap-needs-implementation,No exact current collector mapping found,,NA,NA,"nv show platform environment temperature $TemparatureId {TemparatureId: {Name: ""SODIMM-*-Temp""}} {max}",,required: parser fixture plus metric emission assertion; live GB evidence before review pause,validate on GB200 NVLink Switch BMC/HOST after branch build-test-lint review
892,NVSWITCH-SODIMM_TEMP_STATE,SODIMM_TEMP_STATE,SODIMM temperature state - o.k./not o.k.,Status,Integer,GB200 NVL NvswitchTray,Available OOB,NVOS CLI,NVOS CLI,NVOS CLI,NVOS CLI,one canonical series unless source-qualified duplicate is justified,BLOCKER: no current NVOS CLI collector; source equivalent required,nvswitch_sodimm_temp_state MetricSample,gap,gap-needs-implementation,No exact current collector mapping found,,NA,NA,"nv show platform environment temperature $TemparatureId {TemparatureId: {Name: ""SODIMM-*-Temp""}} {state}",,required: parser fixture plus metric emission assertion; live GB evidence before review pause,validate on GB200 NVLink Switch BMC/HOST after branch build-test-lint review
893,NVSWITCH-SODIMM_TEMP_CURRENT,SODIMM_TEMP_CURRENT,SODIMM temperature,Sensor.Thermal,Integer,GB200 NVL NvswitchTray,Available OOB,NVOS CLI,NVOS CLI,NVOS CLI,NVOS CLI,one canonical series unless source-qualified duplicate is justified,BLOCKER: no current NVOS CLI collector; source equivalent required,nvswitch_sodimm_temp_current MetricSample,gap,gap-needs-implementation,No exact current collector mapping found,,NA,NA,"nv show platform environment temperature $TemparatureId {TemparatureId: {Name: ""SODIMM-*-Temp""}} {current}",,required: parser fixture plus metric emission assertion; live GB evidence before review pause,validate on GB200 NVLink Switch BMC/HOST after branch build-test-lint review
894,FAN-MAX-SPEED,MAX-SPEED,Chassis fan reading range (max),Config,Float,GB200 NVL BMC; GB200 NVL NvswitchTray,Available OOB,Redfish Fabric/Switch/Port; NVOS CLI,Redfish Fabric/Switch/Port,Redfish Fabric/Switch/Port,Redfish Fabric/Switch/Port then NVOS CLI,one canonical series unless source-qualified duplicate is justified,new NvSwitchRedfishCollector for switch BMC endpoints,nvswitch_max_speed MetricSample,gap,gap-needs-implementation,No exact current collector mapping found,2023.3 /redfish/v1/Chassis/$ChassisId/Sensors/$SensorId {ReadingRangeMax},NA,NA,nv show platform environment fan $FanId {max-speed},,required: parser fixture plus metric emission assertion; live GB evidence before review pause,validate on GB200 NVLink Switch BMC/HOST after branch build-test-lint review
897,NVSWITCH-PORT-LOGICAL-STATE,PORT-LOGICAL-STATE,Port State. Enumerated as: 0: No State Change; 1: Down (includes failed links) 2: Initialize 3: Armed 4: Active,Status,Integer,GB200 NVL NvswitchTray,Available,NVOS gNMI; NMX-T; NVOS CLI,NVOS gNMI,NMX-T,NVOS gNMI then NMX-T then NVOS CLI,one canonical series unless source-qualified duplicate is justified,extend NvueGnmiCollector sample paths/processors,nvswitch_port_logical_state MetricSample,gap,gap-needs-implementation,No exact current collector mapping found,,interfaces/interface[name=$port_name]/infiniband/state/logical-port-state,logical_state,nv show interface $InterfaceId {InterfaceId: {type: nvl}} {link{logical-state}},,required: parser fixture plus metric emission assertion; live GB evidence before review pause,validate on GB200 NVLink Switch BMC/HOST after branch build-test-lint review
898,NVSWITCH-FEC-MODE-ACTIVE,FEC-MODE-ACTIVE,"FEC mode active: 0: No_FEC 1: Firecode_FEC 2: Standard_RS_FEC - RS(528,514) 3: Standard_LL_RS_FEC - RS(271,257) 6: Interleaved_Standard_RS-FEC - (544,514) 7: Standard_RS-FEC - (544,514)",Status,Integer,GB200 NVL NvswitchTray,Available,NMX-T,NMX-T,,NMX-T,one canonical series unless source-qualified duplicate is justified,extend NmxtCollector mapping,nvswitch_fec_mode_active MetricSample,gap,gap-needs-implementation,No exact current collector mapping found,,NA,Active_FEC,NA,,required: parser fixture plus metric emission assertion; live GB evidence before review pause,validate on GB200 NVLink Switch BMC/HOST after branch build-test-lint review
899,NVSWITCH-RAW-BER,RAW-BER,Raw BER- calculated by the following: bits 15:8 - raw_ber_magnitude bits 3:0 - raw_ber_coef Raw_BER = raw_ber_coef*10^(-raw_ber_magnitude),Link-Quality,Float,GB200 NVL NvswitchTray,Available,NVOS gNMI; NMX-T; NVOS CLI,NVOS gNMI,NMX-T,NVOS gNMI then NMX-T then NVOS CLI,one canonical series unless source-qualified duplicate is justified,extend NvueGnmiCollector sample paths/processors,nvswitch_raw_ber MetricSample,gap,gap-needs-implementation,No exact current collector mapping found,,/interfaces/interface [name]/phy-diag/state/raw-ber,Total_Raw_BER,nv show interface $InterfaceId {InterfaceId: {type: nvl}} {link{phy{health{raw-ber}}}},,required: parser fixture plus metric emission assertion; live GB evidence before review pause,validate on GB200 NVLink Switch BMC/HOST after branch build-test-lint review
900,NVSWITCH-EFFECTIVE-BER,EFFECTIVE-BER,Effective BER- calculated by the following: bits 15:8 - effective_ber_magnitude bits 3:0 - effective_ber_coef Effective_BER = effective_ber_coef*10^(-effective_ber_magnitude),Link-Quality,Float,GB200 NVL NvswitchTray,Available,Redfish TelemetryService; NVOS gNMI; NMX-T; NVOS CLI,NVOS gNMI,Redfish TelemetryService,NVOS gNMI then Redfish TelemetryService then NMX-T then NVOS CLI,one canonical series unless source-qualified duplicate is justified,extend NvueGnmiCollector sample paths/processors,existing interface_effective_ber MetricSample,covered_host_gnmi,already-covered-regression-required,NVUE gNMI sample processor emits interface_effective_ber/interface_symbol_ber,NA,/interfaces/interface [name]/phy-diag/state/effective-ber,Effective_BER,nv show interface $InterfaceId {InterfaceId: {type: nvl}} {link{phy{health{effective-ber}}}},,required: parser fixture plus metric emission assertion; live GB evidence before review pause,validate on GB200 NVLink Switch BMC/HOST after branch build-test-lint review
901,NVSWITCH-SYMBOL-BER,SYMBOL-BER,Symbol BER- calculated by the following: bits 15:8 - symbol_ber_magnitude bits 3:0 - symbol_ber_coef Symbol_BER = symbol_ber_coef*10^(-symbol_ber_magnitude),Link-Quality,Float,GB200 NVL NvswitchTray,Available,Redfish Fabric/Switch/Port; Redfish TelemetryService; NVOS gNMI; NMX-T; NVOS CLI,NVOS gNMI,Redfish TelemetryService,NVOS gNMI then Redfish TelemetryService then NMX-T then NVOS CLI then Redfish Fabric/Switch/Port,one canonical series unless source-qualified duplicate is justified,extend NvueGnmiCollector sample paths/processors,existing interface_symbol_ber MetricSample,covered_host_gnmi,already-covered-regression-required,NVUE gNMI sample processor emits interface_effective_ber/interface_symbol_ber,2023.0b /redfish/v1/Fabrics/$FabricId/Switches/$SwitchId/Ports/$PortId/Metrics {Oem{Nvidia{BitErrorRate}}},/interfaces/interface [name]/phy-diag/state/symbol-ber,Symbol_BER,nv show interface $InterfaceId {InterfaceId: {type: nvl}} {link{phy{health{symbol-ber}}}},,required: parser fixture plus metric emission assertion; live GB evidence before review pause,validate on GB200 NVLink Switch BMC/HOST after branch build-test-lint review
902,NVSWITCH-ZERO-HIST,ZERO-HIST,First FEC histogram bin with value of 0 while all higher bins are only with 0 value as well.,Link-Quality,Integer,GB200 NVL NvswitchTray,Available,NVOS gNMI; NMX-T; NVOS CLI,NVOS gNMI,NMX-T,NVOS gNMI then NMX-T then NVOS CLI,one canonical series unless source-qualified duplicate is justified,extend NvueGnmiCollector sample paths/processors,nvswitch_zero_hist MetricSample,gap,gap-needs-implementation,No exact current collector mapping found,,/interfaces/interface [name]/phy-diag/state/zero-hist,fc_zero_hist,nv show interface $InterfaceId {InterfaceId: {type: nvl}} {link{phy{detail{zero-hist}}}},,required: parser fixture plus metric emission assertion; live GB evidence before review pause,validate on GB200 NVLink Switch BMC/HOST after branch build-test-lint review
903,NVSWITCH-PHY-RAW-ERRORS-LANE0,PHY-RAW-ERRORS-LANE0,This counter provides information on error bits that were identified on lane 0. (pre FEC & PLR),Link-Quality,,GB200 NVL NvswitchTray,Available,NVOS gNMI; NMX-T; NVOS CLI,NVOS gNMI,NMX-T,NVOS gNMI then NMX-T then NVOS CLI,one canonical series unless source-qualified duplicate is justified,extend NvueGnmiCollector sample paths/processors,nvswitch_phy_raw_errors_lane0 MetricSample,gap,gap-needs-implementation,No exact current collector mapping found,,/interfaces/interface [name]/phy-diag/state/raw-errors-ch-1,Raw_Errors_Lane_0,nv show interface $InterfaceId {InterfaceId: {type: nvl}} {link{phy{health{lane{0{phy-raw-errors}}}}}},,required: parser fixture plus metric emission assertion; live GB evidence before review pause,validate on GB200 NVLink Switch BMC/HOST after branch build-test-lint review
904,NVSWITCH-PHY-RAW-ERRORS-LANE1,PHY-RAW-ERRORS-LANE1,This counter provides information on error bits that were identified on lane 1. (pre FEC & PLR),Link-Quality,,GB200 NVL NvswitchTray,Available,NVOS gNMI; NMX-T; NVOS CLI,NVOS gNMI,NMX-T,NVOS gNMI then NMX-T then NVOS CLI,one canonical series unless source-qualified duplicate is justified,extend NvueGnmiCollector sample paths/processors,nvswitch_phy_raw_errors_lane1 MetricSample,gap,gap-needs-implementation,No exact current collector mapping found,,/interfaces/interface [name]/phy-diag/state/raw-errors-ch-2,Raw_Errors_Lane_1,nv show interface $InterfaceId {InterfaceId: {type: nvl}} {link{phy{health{lane{1{phy-raw-errors}}}}}},,required: parser fixture plus metric emission assertion; live GB evidence before review pause,validate on GB200 NVLink Switch BMC/HOST after branch build-test-lint review
905,NVSWITCH-RAW-BER-LANE0,RAW-BER-LANE0,Raw BER for lane 0. same calculation as RAW-BER.,Link-Quality,Float,GB200 NVL NvswitchTray,Available,NVOS gNMI; NMX-T; NVOS CLI,NVOS gNMI,NMX-T,NVOS gNMI then NMX-T then NVOS CLI,one canonical series unless source-qualified duplicate is justified,extend NvueGnmiCollector sample paths/processors,nvswitch_raw_ber_lane0 MetricSample,gap,gap-needs-implementation,No exact current collector mapping found,,/interfaces/interface [name]/phy-diag/state/raw-ber-ch-1,raw_ber_lane0,nv show interface $InterfaceId {InterfaceId: {type: nvl}} {link{phy{health{lane{0{raw-ber}}}}}},,required: parser fixture plus metric emission assertion; live GB evidence before review pause,validate on GB200 NVLink Switch BMC/HOST after branch build-test-lint review
906,NVSWITCH-RAW-BER-LANE1,RAW-BER-LANE1,Raw BER for lane 1. same calculation as RAW-BER.,Link-Quality,Float,GB200 NVL NvswitchTray,Available,NVOS gNMI; NMX-T; NVOS CLI,NVOS gNMI,NMX-T,NVOS gNMI then NMX-T then NVOS CLI,one canonical series unless source-qualified duplicate is justified,extend NvueGnmiCollector sample paths/processors,nvswitch_raw_ber_lane1 MetricSample,gap,gap-needs-implementation,No exact current collector mapping found,,/interfaces/interface [name]/phy-diag/state/raw-ber-ch-2,raw_ber_lane1,nv show interface $InterfaceId {InterfaceId: {type: nvl}} {link{phy{health{lane{1{raw-ber}}}}}},,required: parser fixture plus metric emission assertion; live GB evidence before review pause,validate on GB200 NVLink Switch BMC/HOST after branch build-test-lint review
907,NVSWITCH-PHY-EFFECTIVE-ERRORS,PHY-EFFECTIVE-ERRORS,This counter provides information on error bits that were not corrected by FEC correction algorithm or that FEC is not active. (post FEC pre PLR),Link-Quality,Integer,GB200 NVL NvswitchTray,Available,Redfish Fabric/Switch/Port; NVOS gNMI; NMX-T; NVOS CLI,NVOS gNMI,NMX-T,NVOS gNMI then NMX-T then NVOS CLI then Redfish Fabric/Switch/Port,one canonical series unless source-qualified duplicate is justified,extend NvueGnmiCollector sample paths/processors,nvswitch_phy_effective_errors MetricSample,gap,gap-needs-implementation,No current BMC collector traverses Redfish Fabric/Switch/Port/SwitchMetrics resources,2025.1 /redfish/v1/Fabrics/$FabricId/Switches/$SwitchId/Ports/$PortId/Metrics {Oem{Nvidia{EffectiveError}}},/interfaces/interface [name]/phy-diag/state/effective-errors,Effective_Errors,nv show interface $InterfaceId {InterfaceId: {type: nvl}} {link{phy{health{effective-errors}}}},,required: parser fixture plus metric emission assertion; live GB evidence before review pause,validate on GB200 NVLink Switch BMC/HOST after branch build-test-lint review
908,NVSWITCH-PHY-SYMBOL-ERRORS,PHY-SYMBOL-ERRORS,Total number of minor link errors detected on one or more physical lanes. This counter provides information on error bits that were not corrected by phy correction mechanisms. (post FEC & PLR),Error,Integer,GB200 NVL NvswitchTray,Available,NVOS gNMI; NMX-T; NVOS CLI,NMX-T,NVOS gNMI,NMX-T then NVOS gNMI then NVOS CLI,one canonical series unless source-qualified duplicate is justified,extend NmxtCollector mapping,existing switch_nmxt symbol_errors MetricSample,covered_host_nmxt,already-covered-regression-required,NMX-T maps Symbol_Errors to symbol_errors,NA,/interfaces/interface [name]/phy-diag/state/symbol-errors,Symbol_Errors,nv show interface $InterfaceId {InterfaceId: {type: nvl}} {counters{nvl{errors{symbol-errors{receive}}}}},,required: parser fixture plus metric emission assertion; live GB evidence before review pause,validate on GB200 NVLink Switch BMC/HOST after branch build-test-lint review
909,NVSWITCH-TIME-SINCE-LASTS-CLEAR,TIME-SINCE-LASTS-CLEAR,The time passed since the last counters clear event in msec- time since the port was raised to up.,Status,Integer,GB200 NVL NvswitchTray,Available,NVOS gNMI; NMX-T; NVOS CLI,NVOS gNMI,NMX-T,NVOS gNMI then NMX-T then NVOS CLI,one canonical series unless source-qualified duplicate is justified,extend NvueGnmiCollector sample paths/processors,nvswitch_time_since_lasts_clear MetricSample,gap,gap-needs-implementation,No exact current collector mapping found,,/interfaces/interface [name]/phy-diag/state/time-since-last-clear-min,Time_since_last_clear_Min,nv show interface $InterfaceId {InterfaceId: {type: nvl}} {link{phy{health{time-since-last-clear-min}}}},,required: parser fixture plus metric emission assertion; live GB evidence before review pause,validate on GB200 NVLink Switch BMC/HOST after branch build-test-lint review
910,NVSWITCH-DEVICE-ID,DEVICE-ID,Device ID information as assigned by device manufacturer.,Inventory,Text,GB200 NVL NvswitchTray,Available,NMX-T,NMX-T,,NMX-T,one canonical series unless source-qualified duplicate is justified,extend NmxtCollector mapping,nvswitch_device_id as inventory/info event or state metric with bounded labels,gap,gap-needs-implementation,No exact current collector mapping found,,NA,Device_ID,NA,,required: parser fixture plus metric emission assertion; live GB evidence before review pause,validate on GB200 NVLink Switch BMC/HOST after branch build-test-lint review
911,NVSWITCH-FEC-HIST-0,FEC-HIST-0,Value of RS FEC Histogram (Reed Solomon error correction) bin0,Link-Quality,Integer,GB200 NVL NvswitchTray,Available,NVOS gNMI; NMX-T; NVOS CLI,NVOS gNMI,NMX-T,NVOS gNMI then NMX-T then NVOS CLI,one canonical series unless source-qualified duplicate is justified,extend NvueGnmiCollector sample paths/processors,nvswitch_fec_hist_0 MetricSample,gap,gap-needs-implementation,No exact current collector mapping found,,/interfaces/interface [name]/phy-diag/state/rs-num-corr-err-bin0,hist0,nv show interface $InterfaceId {InterfaceId: {type: nvl}} {link{phy{health{histogram{rs-fec-corrected-errors{0{count}}}}}}},,required: parser fixture plus metric emission assertion; live GB evidence before review pause,validate on GB200 NVLink Switch BMC/HOST after branch build-test-lint review
912,NVSWITCH-FEC-HIST-1,FEC-HIST-1,Value of RS FEC Histogram (Reed Solomon error correction) bin1,Link-Quality,Integer,GB200 NVL NvswitchTray,Available,NVOS gNMI; NMX-T; NVOS CLI,NVOS gNMI,NMX-T,NVOS gNMI then NMX-T then NVOS CLI,one canonical series unless source-qualified duplicate is justified,extend NvueGnmiCollector sample paths/processors,nvswitch_fec_hist_1 MetricSample,gap,gap-needs-implementation,No exact current collector mapping found,,/interfaces/interface [name]/phy-diag/state/rs-num-corr-err-bin1,hist1,nv show interface $InterfaceId {InterfaceId: {type: nvl}} {link{phy{health{histogram{rs-fec-corrected-errors{1{count}}}}}}},,required: parser fixture plus metric emission assertion; live GB evidence before review pause,validate on GB200 NVLink Switch BMC/HOST after branch build-test-lint review
913,NVSWITCH-FEC-HIST-2,FEC-HIST-2,Value of RS FEC Histogram (Reed Solomon error correction) bin2,Link-Quality,Integer,GB200 NVL NvswitchTray,Available,NVOS gNMI; NMX-T; NVOS CLI,NVOS gNMI,NMX-T,NVOS gNMI then NMX-T then NVOS CLI,one canonical series unless source-qualified duplicate is justified,extend NvueGnmiCollector sample paths/processors,nvswitch_fec_hist_2 MetricSample,gap,gap-needs-implementation,No exact current collector mapping found,,/interfaces/interface [name]/phy-diag/state/rs-num-corr-err-bin2,hist2,nv show interface $InterfaceId {InterfaceId: {type: nvl}} {link{phy{health{histogram{rs-fec-corrected-errors{2{count}}}}}}},,required: parser fixture plus metric emission assertion; live GB evidence before review pause,validate on GB200 NVLink Switch BMC/HOST after branch build-test-lint review
914,NVSWITCH-FEC-HIST-3,FEC-HIST-3,Value of RS FEC Histogram (Reed Solomon error correction) bin3,Link-Quality,Integer,GB200 NVL NvswitchTray,Available,NVOS gNMI; NMX-T; NVOS CLI,NVOS gNMI,NMX-T,NVOS gNMI then NMX-T then NVOS CLI,one canonical series unless source-qualified duplicate is justified,extend NvueGnmiCollector sample paths/processors,nvswitch_fec_hist_3 MetricSample,gap,gap-needs-implementation,No exact current collector mapping found,,/interfaces/interface [name]/phy-diag/state/rs-num-corr-err-bin3,hist3,nv show interface $InterfaceId {InterfaceId: {type: nvl}} {link{phy{health{histogram{rs-fec-corrected-errors{3{count}}}}}}},,required: parser fixture plus metric emission assertion; live GB evidence before review pause,validate on GB200 NVLink Switch BMC/HOST after branch build-test-lint review
915,NVSWITCH-FEC-HIST-4,FEC-HIST-4,Value of RS FEC Histogram (Reed Solomon error correction) bin4,Link-Quality,Integer,GB200 NVL NvswitchTray,Available,NVOS gNMI; NMX-T; NVOS CLI,NVOS gNMI,NMX-T,NVOS gNMI then NMX-T then NVOS CLI,one canonical series unless source-qualified duplicate is justified,extend NvueGnmiCollector sample paths/processors,nvswitch_fec_hist_4 MetricSample,gap,gap-needs-implementation,No exact current collector mapping found,,/interfaces/interface [name]/phy-diag/state/rs-num-corr-err-bin4,hist4,nv show interface $InterfaceId {InterfaceId: {type: nvl}} {link{phy{health{histogram{rs-fec-corrected-errors{4{count}}}}}}},,required: parser fixture plus metric emission assertion; live GB evidence before review pause,validate on GB200 NVLink Switch BMC/HOST after branch build-test-lint review
916,NVSWITCH-FEC-HIST-5,FEC-HIST-5,Value of RS FEC Histogram (Reed Solomon error correction) bin5,Link-Quality,Integer,GB200 NVL NvswitchTray,Available,NVOS gNMI; NMX-T; NVOS CLI,NVOS gNMI,NMX-T,NVOS gNMI then NMX-T then NVOS CLI,one canonical series unless source-qualified duplicate is justified,extend NvueGnmiCollector sample paths/processors,nvswitch_fec_hist_5 MetricSample,gap,gap-needs-implementation,No exact current collector mapping found,,/interfaces/interface [name]/phy-diag/state/rs-num-corr-err-bin5,hist5,nv show interface $InterfaceId {InterfaceId: {type: nvl}} {link{phy{health{histogram{rs-fec-corrected-errors{5{count}}}}}}},,required: parser fixture plus metric emission assertion; live GB evidence before review pause,validate on GB200 NVLink Switch BMC/HOST after branch build-test-lint review
917,NVSWITCH-FEC-HIST-6,FEC-HIST-6,Value of RS FEC Histogram (Reed Solomon error correction) bin6,Link-Quality,Integer,GB200 NVL NvswitchTray,Available,NVOS gNMI; NMX-T; NVOS CLI,NVOS gNMI,NMX-T,NVOS gNMI then NMX-T then NVOS CLI,one canonical series unless source-qualified duplicate is justified,extend NvueGnmiCollector sample paths/processors,nvswitch_fec_hist_6 MetricSample,gap,gap-needs-implementation,No exact current collector mapping found,,/interfaces/interface [name]/phy-diag/state/rs-num-corr-err-bin6,Hist6,nv show interface $InterfaceId {InterfaceId: {type: nvl}} {link{phy{health{histogram{rs-fec-corrected-errors{6{count}}}}}}},,required: parser fixture plus metric emission assertion; live GB evidence before review pause,validate on GB200 NVLink Switch BMC/HOST after branch build-test-lint review
918,NVSWITCH-FEC-HIST-7,FEC-HIST-7,Value of RS FEC Histogram (Reed Solomon error correction) bin7,Link-Quality,Integer,GB200 NVL NvswitchTray,Available,NVOS gNMI; NMX-T; NVOS CLI,NVOS gNMI,NMX-T,NVOS gNMI then NMX-T then NVOS CLI,one canonical series unless source-qualified duplicate is justified,extend NvueGnmiCollector sample paths/processors,nvswitch_fec_hist_7 MetricSample,gap,gap-needs-implementation,No exact current collector mapping found,,/interfaces/interface [name]/phy-diag/state/rs-num-corr-err-bin7,Hist7,nv show interface $InterfaceId {InterfaceId: {type: nvl}} {link{phy{health{histogram{rs-fec-corrected-errors{7{count}}}}}}},,required: parser fixture plus metric emission assertion; live GB evidence before review pause,validate on GB200 NVLink Switch BMC/HOST after branch build-test-lint review
919,NVSWITCH-FEC-HIST-8,FEC-HIST-8,Value of RS FEC Histogram (Reed Solomon error correction) bin8,Link-Quality,Integer,GB200 NVL NvswitchTray,Available,NVOS gNMI; NMX-T; NVOS CLI,NVOS gNMI,NMX-T,NVOS gNMI then NMX-T then NVOS CLI,one canonical series unless source-qualified duplicate is justified,extend NvueGnmiCollector sample paths/processors,nvswitch_fec_hist_8 MetricSample,gap,gap-needs-implementation,No exact current collector mapping found,,/interfaces/interface [name]/phy-diag/state/rs-num-corr-err-bin8,Hist8,nv show interface $InterfaceId {InterfaceId: {type: nvl}} {link{phy{health{histogram{rs-fec-corrected-errors{8{count}}}}}}},,required: parser fixture plus metric emission assertion; live GB evidence before review pause,validate on GB200 NVLink Switch BMC/HOST after branch build-test-lint review
920,NVSWITCH-FEC-HIST-9,FEC-HIST-9,Value of RS FEC Histogram (Reed Solomon error correction) bin9,Link-Quality,Integer,GB200 NVL NvswitchTray,Available,NVOS gNMI; NMX-T; NVOS CLI,NVOS gNMI,NMX-T,NVOS gNMI then NMX-T then NVOS CLI,one canonical series unless source-qualified duplicate is justified,extend NvueGnmiCollector sample paths/processors,nvswitch_fec_hist_9 MetricSample,gap,gap-needs-implementation,No exact current collector mapping found,,/interfaces/interface [name]/phy-diag/state/rs-num-corr-err-bin9,Hist9,nv show interface $InterfaceId {InterfaceId: {type: nvl}} {link{phy{health{histogram{rs-fec-corrected-errors{9{count}}}}}}},,required: parser fixture plus metric emission assertion; live GB evidence before review pause,validate on GB200 NVLink Switch BMC/HOST after branch build-test-lint review
921,NVSWITCH-FEC-HIST-10,FEC-HIST-10,Value of RS FEC Histogram (Reed Solomon error correction) bin10,Link-Quality,Integer,GB200 NVL NvswitchTray,Available,NVOS gNMI; NMX-T; NVOS CLI,NVOS gNMI,NMX-T,NVOS gNMI then NMX-T then NVOS CLI,one canonical series unless source-qualified duplicate is justified,extend NvueGnmiCollector sample paths/processors,nvswitch_fec_hist_10 MetricSample,gap,gap-needs-implementation,No exact current collector mapping found,,/interfaces/interface [name]/phy-diag/state/rs-num-corr-err-bin10,Hist10,nv show interface $InterfaceId {InterfaceId: {type: nvl}} {link{phy{health{histogram{rs-fec-corrected-errors{10{count}}}}}}},,required: parser fixture plus metric emission assertion; live GB evidence before review pause,validate on GB200 NVLink Switch BMC/HOST after branch build-test-lint review
922,NVSWITCH-FEC-HIST-11,FEC-HIST-11,Value of RS FEC Histogram (Reed Solomon error correction) bin11,Link-Quality,Integer,GB200 NVL NvswitchTray,Available,NVOS gNMI; NMX-T; NVOS CLI,NVOS gNMI,NMX-T,NVOS gNMI then NMX-T then NVOS CLI,one canonical series unless source-qualified duplicate is justified,extend NvueGnmiCollector sample paths/processors,nvswitch_fec_hist_11 MetricSample,gap,gap-needs-implementation,No exact current collector mapping found,,/interfaces/interface [name]/phy-diag/state/rs-num-corr-err-bin11,Hist11,nv show interface $InterfaceId {InterfaceId: {type: nvl}} {link{phy{health{histogram{rs-fec-corrected-errors{11{count}}}}}}},,required: parser fixture plus metric emission assertion; live GB evidence before review pause,validate on GB200 NVLink Switch BMC/HOST after branch build-test-lint review
923,NVSWITCH-FEC-HIST-12,FEC-HIST-12,Value of RS FEC Histogram (Reed Solomon error correction) bin12,Link-Quality,Integer,GB200 NVL NvswitchTray,Available,NVOS gNMI; NMX-T; NVOS CLI,NVOS gNMI,NMX-T,NVOS gNMI then NMX-T then NVOS CLI,one canonical series unless source-qualified duplicate is justified,extend NvueGnmiCollector sample paths/processors,nvswitch_fec_hist_12 MetricSample,gap,gap-needs-implementation,No exact current collector mapping found,,/interfaces/interface [name]/phy-diag/state/rs-num-corr-err-bin12,hist12,nv show interface $InterfaceId {InterfaceId: {type: nvl}} {link{phy{health{histogram{rs-fec-corrected-errors{12{count}}}}}}},,required: parser fixture plus metric emission assertion; live GB evidence before review pause,validate on GB200 NVLink Switch BMC/HOST after branch build-test-lint review
924,NVSWITCH-FEC-HIST-13,FEC-HIST-13,Value of RS FEC Histogram (Reed Solomon error correction) bin13,Link-Quality,Integer,GB200 NVL NvswitchTray,Available,NVOS gNMI; NMX-T; NVOS CLI,NVOS gNMI,NMX-T,NVOS gNMI then NMX-T then NVOS CLI,one canonical series unless source-qualified duplicate is justified,extend NvueGnmiCollector sample paths/processors,nvswitch_fec_hist_13 MetricSample,gap,gap-needs-implementation,No exact current collector mapping found,,/interfaces/interface [name]/phy-diag/state/rs-num-corr-err-bin13,hist13,nv show interface $InterfaceId {InterfaceId: {type: nvl}} {link{phy{health{histogram{rs-fec-corrected-errors{13{count}}}}}}},,required: parser fixture plus metric emission assertion; live GB evidence before review pause,validate on GB200 NVLink Switch BMC/HOST after branch build-test-lint review
925,NVSWITCH-FEC-HIST-14,FEC-HIST-14,Value of RS FEC Histogram (Reed Solomon error correction) bin14,Link-Quality,Integer,GB200 NVL NvswitchTray,Available,NVOS gNMI; NMX-T; NVOS CLI,NVOS gNMI,NMX-T,NVOS gNMI then NMX-T then NVOS CLI,one canonical series unless source-qualified duplicate is justified,extend NvueGnmiCollector sample paths/processors,nvswitch_fec_hist_14 MetricSample,gap,gap-needs-implementation,No exact current collector mapping found,,/interfaces/interface [name]/phy-diag/state/rs-num-corr-err-bin14,hist14,nv show interface $InterfaceId {InterfaceId: {type: nvl}} {link{phy{health{histogram{rs-fec-corrected-errors{14{count}}}}}}},,required: parser fixture plus metric emission assertion; live GB evidence before review pause,validate on GB200 NVLink Switch BMC/HOST after branch build-test-lint review
926,NVSWITCH-FEC-HIST-15,FEC-HIST-15,Value of RS FEC Histogram (Reed Solomon error correction) bin15,Link-Quality,Integer,GB200 NVL NvswitchTray,Available,NVOS gNMI; NMX-T; NVOS CLI,NVOS gNMI,NMX-T,NVOS gNMI then NMX-T then NVOS CLI,one canonical series unless source-qualified duplicate is justified,extend NvueGnmiCollector sample paths/processors,nvswitch_fec_hist_15 MetricSample,gap,gap-needs-implementation,No exact current collector mapping found,,/interfaces/interface [name]/phy-diag/state/rs-num-corr-err-bin15,hist15,nv show interface $InterfaceId {InterfaceId: {type: nvl}} {link{phy{health{histogram{rs-fec-corrected-errors{15{count}}}}}}},,required: parser fixture plus metric emission assertion; live GB evidence before review pause,validate on GB200 NVLink Switch BMC/HOST after branch build-test-lint review
931,NVSWITCH-PLR-CODES-LOSS,PLR-CODES-LOSS,Recieved bandwidth loss due to codes retransmission. calculated in resolution of: (plr_rcv_code_err / plr_rcv_codes) * 10^10 BW Loss % = (plr_codes_loss / 10^10 ) *100,Link-Quality,Integer,GB200 NVL NvswitchTray,Available,NMX-T; NVOS CLI,NMX-T,NVOS CLI,NMX-T then NVOS CLI,one canonical series unless source-qualified duplicate is justified,extend NmxtCollector mapping,nvswitch_plr_codes_loss MetricSample,gap,gap-needs-implementation,No exact current collector mapping found,,NA,HiRetransmissionRate,nv show interface $InterfaceId {InterfaceId: {type: nvl}} {link{phy{detail{plr-codes-loss}}}},,required: parser fixture plus metric emission assertion; live GB evidence before review pause,validate on GB200 NVLink Switch BMC/HOST after branch build-test-lint review
932,NVSWITCH-PORT-BUFFER-OVERRUN-ERRORS,PORT-BUFFER-OVERRUN-ERRORS,Total number of packets received on the port that were discarded due to buffer overrun.,Error,Integer,GB200 NVL NvswitchTray,Available,NVOS gNMI; NMX-T; NVOS CLI,NVOS gNMI,NMX-T,NVOS gNMI then NMX-T then NVOS CLI,one canonical series unless source-qualified duplicate is justified,extend NvueGnmiCollector sample paths/processors,nvswitch_port_buffer_overrun_errors MetricSample,gap,gap-needs-implementation,No exact current collector mapping found,,interfaces/interface[name=$port_name]/infiniband/state/counters/port/excessive-buffer-overrun,ExcessiveBufferOverrunErrors,nv show interface $InterfaceId {InterfaceId: {type: nvl}} {counters{buffer-overrun-errors}},,required: parser fixture plus metric emission assertion; live GB evidence before review pause,validate on GB200 NVLink Switch BMC/HOST after branch build-test-lint review
933,NVSWITCH-LINK-SPEED-ACTIVE,LINK-SPEED-ACTIVE,link active width: Bit 0: 1x Bit 1: 2x Bit 2: 4x,Status,Integer,GB200 NVL NvswitchTray,Available,NVOS gNMI; NMX-T; NVOS CLI,NVOS gNMI,NMX-T,NVOS gNMI then NMX-T then NVOS CLI,one canonical series unless source-qualified duplicate is justified,extend NvueGnmiCollector sample paths/processors,nvswitch_link_speed_active MetricSample,gap,gap-needs-implementation,No exact current collector mapping found,,interfaces/interface[name=$port_name]/infiniband/state/speed,Link_speed_active,"nv show interface $InterfaceId {InterfaceId: {type: nvl, state: up}} {link{speed}}",,required: parser fixture plus metric emission assertion; live GB evidence before review pause,validate on GB200 NVLink Switch BMC/HOST after branch build-test-lint review
934,NVSWITCH-PLR-RCV-CODES,PLR-RCV-CODES,Number of received PLR codewords,Link-Quality,Integer,GB200 NVL NvswitchTray,Available,NVOS gNMI; NMX-T; NVOS CLI,NVOS gNMI,NMX-T,NVOS gNMI then NMX-T then NVOS CLI,one canonical series unless source-qualified duplicate is justified,extend NvueGnmiCollector sample paths/processors,nvswitch_plr_rcv_codes MetricSample,gap,gap-needs-implementation,No exact current collector mapping found,NA,/interfaces/interface [name]/phy-diag/state/plr-rcv-codes,PlrRcvCodes,nv show interface $InterfaceId {InterfaceId: {type: nvl}} {link{phy{detail{plr-rcv-codes}}}},NA,required: parser fixture plus metric emission assertion; live GB evidence before review pause,validate on GB200 NVLink Switch BMC/HOST after branch build-test-lint review
935,NVSWITCH-PLR-RCV-CODES-ERR,PLR-RCV-CODES-ERR,The total number of rejected PLR codewords received,Link-Quality,Integer,GB200 NVL NvswitchTray,Available,NVOS gNMI; NMX-T; NVOS CLI,NVOS gNMI,NMX-T,NVOS gNMI then NMX-T then NVOS CLI,one canonical series unless source-qualified duplicate is justified,extend NvueGnmiCollector sample paths/processors,nvswitch_plr_rcv_codes_err MetricSample,gap,gap-needs-implementation,No exact current collector mapping found,NA,/interfaces/interface [name]/phy-diag/state/plr-rcv-code-err,PlrRcvCodeErr,nv show interface $InterfaceId {InterfaceId: {type: nvl}} {link{phy{detail{plr-rcv-codes-err}}}},NA,required: parser fixture plus metric emission assertion; live GB evidence before review pause,validate on GB200 NVLink Switch BMC/HOST after branch build-test-lint review
936,NVSWITCH-PLR-RCV-UNCORRECTABLES-CODE,PLR-RCV-UNCORRECTABLES-CODE,The total number of uncorrectable PLR codewords received,Link-Quality,Integer,GB200 NVL NvswitchTray,Available,NVOS gNMI; NMX-T; NVOS CLI,NVOS gNMI,NMX-T,NVOS gNMI then NMX-T then NVOS CLI,one canonical series unless source-qualified duplicate is justified,extend NvueGnmiCollector sample paths/processors,nvswitch_plr_rcv_uncorrectables_code MetricSample,gap,gap-needs-implementation,No exact current collector mapping found,NA,/interfaces/interface [name]/phy-diag/state/plr-rcv-uncorrectable-code,PlrRcvUncorrectableCode,nv show interface $InterfaceId {InterfaceId: {type: nvl}} {link{phy{detail{plr-rcv-uncorrectable-code}}}},NA,required: parser fixture plus metric emission assertion; live GB evidence before review pause,validate on GB200 NVLink Switch BMC/HOST after branch build-test-lint review
937,NVSWITCH-PLR-XMIT-CODES,PLR-XMIT-CODES,Number of transmitted PLR codewords,Link-Quality,Integer,GB200 NVL NvswitchTray,Available,NVOS gNMI; NMX-T; NVOS CLI,NVOS gNMI,NMX-T,NVOS gNMI then NMX-T then NVOS CLI,one canonical series unless source-qualified duplicate is justified,extend NvueGnmiCollector sample paths/processors,nvswitch_plr_xmit_codes MetricSample,gap,gap-needs-implementation,No exact current collector mapping found,NA,/interfaces/interface [name]/phy-diag/state/plr-xmit-codes,PlrXmitCodes,nv show interface $InterfaceId {InterfaceId: {type: nvl}} {link{phy{detail{plr-xmit-codes}}}},NA,required: parser fixture plus metric emission assertion; live GB evidence before review pause,validate on GB200 NVLink Switch BMC/HOST after branch build-test-lint review
938,NVSWITCH-PLR-XMIT-RETRYS-CODES,PLR-XMIT-RETRYS-CODES,The total number of PLR codewords retransmitted,Link-Quality,Integer,GB200 NVL NvswitchTray,Available,NVOS gNMI; NMX-T; NVOS CLI,NVOS gNMI,NMX-T,NVOS gNMI then NMX-T then NVOS CLI,one canonical series unless source-qualified duplicate is justified,extend NvueGnmiCollector sample paths/processors,nvswitch_plr_xmit_retrys_codes MetricSample,gap,gap-needs-implementation,No exact current collector mapping found,NA,/interfaces/interface [name]/phy-diag/state/plr-xmit-retry-codes,PlrXmitRetryCodes,nv show interface $InterfaceId {InterfaceId: {type: nvl}} {link{phy{detail{plr-xmit-retry-codes}}}},NA,required: parser fixture plus metric emission assertion; live GB evidence before review pause,validate on GB200 NVLink Switch BMC/HOST after branch build-test-lint review
939,NVSWITCH-PLR-XMIT-RETRYS-EVENTS,PLR-XMIT-RETRYS-EVENTS,The total number of retransmitted events,Link-Quality,Integer,GB200 NVL NvswitchTray,Available,NVOS gNMI; NMX-T; NVOS CLI,NVOS gNMI,NMX-T,NVOS gNMI then NMX-T then NVOS CLI,one canonical series unless source-qualified duplicate is justified,extend NvueGnmiCollector sample paths/processors,nvswitch_plr_xmit_retrys_events MetricSample,gap,gap-needs-implementation,No exact current collector mapping found,NA,/interfaces/interface [name]/phy-diag/state/plr-xmit-retry-events,PlrXmitRetryEvents,nv show interface $InterfaceId {InterfaceId: {type: nvl}} {link{phy{detail{plr-xmit-retry-events}}}},NA,required: parser fixture plus metric emission assertion; live GB evidence before review pause,validate on GB200 NVLink Switch BMC/HOST after branch build-test-lint review
940,NVSWITCH-PLR-SYNC-EVENTS,PLR-SYNC-EVENTS,The number of PLR sync events,Link-Quality,Integer,GB200 NVL NvswitchTray,Available,NVOS gNMI; NMX-T; NVOS CLI,NVOS gNMI,NMX-T,NVOS gNMI then NMX-T then NVOS CLI,one canonical series unless source-qualified duplicate is justified,extend NvueGnmiCollector sample paths/processors,nvswitch_plr_sync_events MetricSample,gap,gap-needs-implementation,No exact current collector mapping found,NA,/interfaces/interface [name]/phy-diag/state/plr-sync-events,PlrSyncEvents,nv show interface $InterfaceId {InterfaceId: {type: nvl}} {link{phy{detail{plr-sync-events}}}},NA,required: parser fixture plus metric emission assertion; live GB evidence before review pause,validate on GB200 NVLink Switch BMC/HOST after branch build-test-lint review
941,NVSWITCH-PLR-XMIT-RETRY-CODES-WITHIN-MINUTE,PLR-XMIT-RETRY-CODES-WITHIN-MINUTE,The maximum number of retransmitted events in 60 sec window based upon the action of undertaking PLR (physical layer retry),Link-Quality,Integer,GB200 NVL NvswitchTray,Available,NVOS gNMI; NMX-T; NVOS CLI,NVOS gNMI,NMX-T,NVOS gNMI then NMX-T then NVOS CLI,one canonical series unless source-qualified duplicate is justified,extend NvueGnmiCollector sample paths/processors,nvswitch_plr_xmit_retry_codes_within_minute MetricSample,gap,gap-needs-implementation,No exact current collector mapping found,NA,/interfaces/interface [name]/phy-diag/state/plr-xmit-retry-events-within-t-sec-max,PlrXmitRetryCodesWithinTSecMax,nv show interface $InterfaceId {InterfaceId: {type: nvl}} {link{phy{detail{plr-xmit-retry-events-within-t-sec-max}}}},NA,required: parser fixture plus metric emission assertion; live GB evidence before review pause,validate on GB200 NVLink Switch BMC/HOST after branch build-test-lint review
942,NVSWITCH-PLR-BW-LOSS-PERCENT,PLR-BW-LOSS-PERCENT,The bandwidth loss (percentage) based upon PLR on the NVLink.,Performance,Integer,GB200 NVL NvswitchTray,Available,NVOS CLI,NVOS CLI,NVOS CLI,NVOS CLI,one canonical series unless source-qualified duplicate is justified,BLOCKER: no current NVOS CLI collector; source equivalent required,nvswitch_plr_bw_loss_percent MetricSample,gap,gap-needs-implementation,No exact current collector mapping found,NA,NA,NA,nv show interface $InterfaceId {InterfaceId: {type: nvl}} {link{phy{detail{plr-xmit-retry-events-within-t-sec-max}}}},NA,required: parser fixture plus metric emission assertion; live GB evidence before review pause,validate on GB200 NVLink Switch BMC/HOST after branch build-test-lint review
943,NVSWITCH-RQ-GENERAL-ERROR,RQ-GENERAL-ERROR,The total number of packets that were dropped since it contained errors. Reasons for this include: Dropped due to MPR mismatch.,Error,Integer,GB200 NVL NvswitchTray,Available,NVOS gNMI; NMX-T; NVOS CLI,NVOS gNMI,NMX-T,NVOS gNMI then NMX-T then NVOS CLI,one canonical series unless source-qualified duplicate is justified,extend NvueGnmiCollector sample paths/processors,nvswitch_rq_general_error MetricSample,gap,gap-needs-implementation,No exact current collector mapping found,NA,/interfaces/interface [name]/phy-diag/state/rq-general-error,rq_general_error,nv show interface $InterfaceId {InterfaceId: {type: nvl}} {link{phy{detail{rq-general-error}}}},NA,required: parser fixture plus metric emission assertion; live GB evidence before review pause,validate on GB200 NVLink Switch BMC/HOST after branch build-test-lint review
944,NVSWITCH-TIME-TO-LINKS-UP,TIME-TO-LINKS-UP,"Time in msec to link up from disable until phy up state. While the phy manager did not reach phy up state the timer will return 0. The timer resets to 0 in one of the following cases: 1. When moving to disable or rx disable state. 2. When moving from active or phy up to polling state, while working at force mode.",Link-Quality,Integer,GB200 NVL NvswitchTray,Available,NMX-T,NMX-T,,NMX-T,one canonical series unless source-qualified duplicate is justified,extend NmxtCollector mapping,nvswitch_time_to_links_up MetricSample,gap,gap-needs-implementation,No exact current collector mapping found,NA,NA,time_to_link_up_ext_msec,NA,NA,required: parser fixture plus metric emission assertion; live GB evidence before review pause,validate on GB200 NVLink Switch BMC/HOST after branch build-test-lint review
945,NVSWITCH-STATUS-OPCODE,STATUS-OPCODE,Opcode for advanced debug. String representation can be found in STATUS-MESSAGE.,Link-Quality,Integer,GB200 NVL NvswitchTray,Available,NMX-T; NVOS CLI,NMX-T,NVOS CLI,NMX-T then NVOS CLI,one canonical series unless source-qualified duplicate is justified,extend NmxtCollector mapping,nvswitch_status_opcode MetricSample,partial_host,partial-needs-implementation,"NVUE REST link_diagnostic emits opcode as label and boolean state, not opcode as metric value",NA,NA,Advanced_Status_Opcode,"nv show interface --view link-diagnostics ""code""",NA,required: parser fixture plus metric emission assertion; live GB evidence before review pause,validate on GB200 NVLink Switch BMC/HOST after branch build-test-lint review
946,NVSWITCH-STATUS-MESSAGE,STATUS-MESSAGE,String represntation of STATUS-OPCODE. All Messages are terminated by a Null character ‘\0’,Status,Text,GB200 NVL NvswitchTray,Available,NMX-T; NVOS CLI,NMX-T,NVOS CLI,NMX-T then NVOS CLI,one canonical series unless source-qualified duplicate is justified,extend NmxtCollector mapping,nvswitch_status_message as inventory/info event or state metric with bounded labels,partial_host,partial-needs-implementation,"NVUE REST link_diagnostic emits diagnostic_status label, not message metric",NA,NA,Status_Message,"nv show interface --view link-diagnostics ""status""",NA,required: parser fixture plus metric emission assertion; live GB evidence before review pause,validate on GB200 NVLink Switch BMC/HOST after branch build-test-lint review
947,NVSWITCH-DOWN-BLAME,DOWN-BLAME,Which receiver caused last link down: 0: Unknown 1: Local_phy 2: Remote_phy,Link-Quality,Integer,GB200 NVL NvswitchTray,Available OOB,NMX-T,NMX-T,,NMX-T,one canonical series unless source-qualified duplicate is justified,extend NmxtCollector mapping,nvswitch_down_blame MetricSample,gap,gap-needs-implementation,No exact current collector mapping found,NA,NA,down_blame,NA,NA,required: parser fixture plus metric emission assertion; live GB evidence before review pause,validate on GB200 NVLink Switch BMC/HOST after branch build-test-lint review
948,NVSWITCH-LOCAL-REASON-OPCODE,LOCAL-REASON-OPCODE,Opcde of link down reason: 0: No_link_down_indication 1: Unknown_reason 2: Hi_SER_or_Hi_BER 3: Block_Lock_loss 4: Alignment_loss 5: FEC_sync_loss 6: PLL_lock_loss 7: FIFO_overflow 8: false_SKIP_condition 9: Minor_Error_threshold_exceeded 10: Physical_layer_retransmission_timeout 11: Heartbeat_errors 12: Link_Layer_credit_monitoring_watchdog 13: Link_Layer_integrity_threshold_exceeded 14: Link_Layer_buffer_overrun 15: Down_by_outband_command_with_healthy_link 16: Down_by_outband_command_for_link_with_hi_ber 17: Down_by_inband_command_with_healthy_link 18: Down_by_inband_command_for_link_with_hi_ber 19: Down_by_verification_GW 20: Received_Remote_Fault 21: Received_TS1 22: Down_by_management_command 23: Cable_was_unplugged 24: Cable_access_issue 25: Thermal_shutdown 26: Current_issue 27: Power_budget 28: Fast_recovery_raw_ber 29: Fast_recovery_effective_ber 30: Fast_recovery_symbol_ber 31: Fast_recovery_credit_watchdog 32: Timeout 33: Peer_side_down_to_disable_state 34: Peer_side_down_to_disable_and_port_lock 35: Peer_side_down_due_to_thermal_event 36: Peer_side_down_due_to_force_event 37: Peer_side_down_due_to_reset_event,Link-Quality,Integer,GB200 NVL NvswitchTray,Available OOB,NMX-T,NMX-T,,NMX-T,one canonical series unless source-qualified duplicate is justified,extend NmxtCollector mapping,nvswitch_local_reason_opcode MetricSample,gap,gap-needs-implementation,No exact current collector mapping found,NA,NA,local_reason_opcode,NA,NA,required: parser fixture plus metric emission assertion; live GB evidence before review pause,validate on GB200 NVLink Switch BMC/HOST after branch build-test-lint review
949,NVSWITCH-REMOTE-REASON-OPCODE,REMOTE-REASON-OPCODE,Opcde of link down reason: 0: No_link_down_indication 1: Unknown_reason 2: Hi_SER_or_Hi_BER 4: Alignment_loss 10: Physical_layer_retransmission_timeout 15: Down_by_outband_command_with_healthy_link 16: Down_by_outband_command_for_link_with_hi_ber 17: Down_by_inband_command_with_healthy_link 18: Down_by_inband_command_for_link_with_hi_ber 21: Received_TS1 22: Down_by_management_command 32: Timeout 33: Peer_side_down_to_disable_state 34: Peer_side_down_to_disable_and_port_lock 35: Peer_side_down_due_to_thermal_event 36: Peer_side_down_due_to_force_event 37: Peer_side_down_due_to_reset_event 38: Reset_no_power_cycle 40: Down_due_to_HW_force_event 41: Down_due_to_thermal_event 42: L1_exit_failure 43: too_many_link_error_recoveries 44: Down_due_to_contain_mode 45: BW_loss_threshold_exceeded 47: Hi_SER 48: down_by_nmx_adminstate_cmd,Link-Quality,Integer,GB200 NVL NvswitchTray,Available,NMX-T,NMX-T,,NMX-T,one canonical series unless source-qualified duplicate is justified,extend NmxtCollector mapping,nvswitch_remote_reason_opcode MetricSample,gap,gap-needs-implementation,No exact current collector mapping found,NA,NA,remote_reason_opcode,NA,NA,required: parser fixture plus metric emission assertion; live GB evidence before review pause,validate on GB200 NVLink Switch BMC/HOST after branch build-test-lint review
950,NVSWITCH-PHY-RECEIVED-BITS,PHY-RECEIVED-BITS,"Total number of packets marked with the EBP delimiter received on the port. EBP is a special kind of packet that indicates the end of a burst of packets. A burst is a sequence of packets sent in rapid succession. The use of EBP helps in flow control. By knowing the end of a burst, the receiving side can manage its buffers efficiently and ensure that packets are processed in order without dropping any due to buffer overruns.",Performance,Integer,GB200 NVL NvswitchTray,Available,NVOS gNMI; NMX-T; NVOS CLI,NVOS gNMI,NMX-T,NVOS gNMI then NMX-T then NVOS CLI,one canonical series unless source-qualified duplicate is justified,extend NvueGnmiCollector sample paths/processors,nvswitch_phy_received_bits MetricSample,gap,gap-needs-implementation,No exact current collector mapping found,NA,/interfaces/interface [name]/phy-diag/state/phy-received-bits,phy_received_bits,nv show interface $InterfaceId {InterfaceId: {type: nvl}} {link{phy{health{phy-received-bits}}}},NA,required: parser fixture plus metric emission assertion; live GB evidence before review pause,validate on GB200 NVLink Switch BMC/HOST after branch build-test-lint review
951,NVSWITCH-PORT-RCV-CONSTRAINT-ERRORS,PORT-RCV-CONSTRAINT-ERRORS,Total number of packets received on the switch physical port that are discarded for the following reasons: • FilterRawInbound is true and packet is raw • PartitionEnforcementInbound is true and packet fails partition key check or IP version check,Error,Integer,GB200 NVL NvswitchTray,Available,NVOS gNMI; NMX-T; NVOS CLI,NVOS gNMI,NMX-T,NVOS gNMI then NMX-T then NVOS CLI,one canonical series unless source-qualified duplicate is justified,extend NvueGnmiCollector sample paths/processors,nvswitch_port_rcv_constraint_errors MetricSample,gap,gap-needs-implementation,No exact current collector mapping found,NA,interfaces/interface[name=$port_name]/infiniband/state/counters/port/rcv-constraints-errors,PortRcvConstraintErrors,nv show interface $InterfaceId {InterfaceId: {type: nvl}} {counters{link{port-rcv-constraint-errors}}},NA,required: parser fixture plus metric emission assertion; live GB evidence before review pause,validate on GB200 NVLink Switch BMC/HOST after branch build-test-lint review
952,NVSWITCH-PORT-XMIT-CONSTRAINTS-ERRORS,PORT-XMIT-CONSTRAINTS-ERRORS,Total number of packets not transmitted from the switch physical port for the following reasons: • FilterRawOutbound is true and packet is raw • PartitionEnforcementOutbound is true and packet fails partition key check or IP version check,Error,,GB200 NVL NvswitchTray,Available,NVOS gNMI; NMX-T; NVOS CLI,NVOS gNMI,NMX-T,NVOS gNMI then NMX-T then NVOS CLI,one canonical series unless source-qualified duplicate is justified,extend NvueGnmiCollector sample paths/processors,existing interface_out_errors MetricSample,covered_host_gnmi,already-covered-regression-required,NVUE gNMI sample processor emits interface_out_errors,NA,/interfaces/interface [name]/state/counters/out-errors,PortXmitConstraintErrors,nv show interface $InterfaceId {InterfaceId: {type: nvl}} {counters{out-errors}},NA,required: parser fixture plus metric emission assertion; live GB evidence before review pause,validate on GB200 NVLink Switch BMC/HOST after branch build-test-lint review
953,NVSWITCH-PORT-LOCAL-PHYSICAL-ERRORS,PORT-LOCAL-PHYSICAL-ERRORS,"Total number of packets received on the port that contain local physical errors (ICRC, VCRC, LPCRC, and all physical errors that cause entry into the BAD PACKET or BAD PACKET DISCARD states of the packet receiver state machine).",Error,,GB200 NVL NvswitchTray,Available,NVOS gNMI; NMX-T; NVOS CLI,NVOS gNMI,NMX-T,NVOS gNMI then NMX-T then NVOS CLI,one canonical series unless source-qualified duplicate is justified,extend NvueGnmiCollector sample paths/processors,nvswitch_port_local_physical_errors MetricSample,gap,gap-needs-implementation,No exact current collector mapping found,NA,/interfaces/interface [name]/phy-diag/state/port-local-physical-errors,PortLocalPhysicalErrors,nv show interface $InterfaceId {InterfaceId: {type: nvl}} {link{phy{detail{port-local-physical-errors}}}},NA,required: parser fixture plus metric emission assertion; live GB evidence before review pause,validate on GB200 NVLink Switch BMC/HOST after branch build-test-lint review
954,NVSWITCH-SYNC-HEADER-ERROR-COUNTER,SYNC-HEADER-ERROR-COUNTER,Count of errored block sync header on one or more lanes.,Error,Integer,GB200 NVL NvswitchTray,Available,NVOS gNMI; NMX-T; NVOS CLI,NVOS gNMI,NMX-T,NVOS gNMI then NMX-T then NVOS CLI,one canonical series unless source-qualified duplicate is justified,extend NvueGnmiCollector sample paths/processors,nvswitch_sync_header_error_counter MetricSample,gap,gap-needs-implementation,No exact current collector mapping found,NA,/interfaces/interface [name]/phy-diag/state/sync-header-error-counter,SyncHeaderErrorCounter,nv show interface $InterfaceId {InterfaceId: {type: nvl}} {link{phy{detail{sync-header-error-counter}}}},NA,required: parser fixture plus metric emission assertion; live GB evidence before review pause,validate on GB200 NVLink Switch BMC/HOST after branch build-test-lint review
955,NVSWITCH-PORT-DLID-MAPPING-ERRORS,PORT-DLID-MAPPING-ERRORS,Total number of packets received on the port that were discarded because they could not be forwarded by the witch relay due to DLID mapping errors.,Error,Integer,GB200 NVL NvswitchTray,Available,NVOS gNMI; NMX-T; NVOS CLI,NVOS gNMI,NMX-T,NVOS gNMI then NMX-T then NVOS CLI,one canonical series unless source-qualified duplicate is justified,extend NvueGnmiCollector sample paths/processors,nvswitch_port_dlid_mapping_errors MetricSample,gap,gap-needs-implementation,No exact current collector mapping found,NA,/interfaces/interface [name]/phy-diag/state/port-dlid-mapping-errors,PortDLIDMappingErrors,nv show interface $InterfaceId {InterfaceId: {type: nvl}} {link{phy{detail{port-dlid-mapping-errors}}}},NA,required: parser fixture plus metric emission assertion; live GB evidence before review pause,validate on GB200 NVLink Switch BMC/HOST after branch build-test-lint review
956,NVSWITCH-LOCAL-LINK-INTEGRITY-ERRORS,LOCAL-LINK-INTEGRITY-ERRORS,The number of times that the count of local physical errors exceeded the threshold specified by LocalPhyErrors;,Error,Integer,GB200 NVL HMC; GB200 NVL BMC; GB200 NVL NvswitchTray,Available,NVOS gNMI; NMX-T,NVOS gNMI,NMX-T,NVOS gNMI then NMX-T,one canonical series unless source-qualified duplicate is justified,extend NvueGnmiCollector sample paths/processors,nvswitch_local_link_integrity_errors MetricSample,gap,gap-needs-implementation,No exact current collector mapping found,NA,interfaces/interface[name]/infiniband/state/counters/port/local-link-integrity-errors,LocalLinkIntegrityErrors,NA,,required: parser fixture plus metric emission assertion; live GB evidence before review pause,validate on GB200 NVLink Switch BMC/HOST after branch build-test-lint review
957,NVSWITCH-PORT-VL-MAPPING-ERRORS,PORT-VL-MAPPING-ERRORS,"Packet discards due to VL mapping behavior are not considered errors, so the behavior of this counter is implementation dependent. However, it is recommended that this counter be used to count the total number of packets received on the port that were discarded because they could not be forwarded by the switch relay due to VL mapping behavior",Error,Integer,GB200 NVL NvswitchTray,Available,NVOS gNMI; NMX-T; NVOS CLI,NVOS gNMI,NMX-T,NVOS gNMI then NMX-T then NVOS CLI,one canonical series unless source-qualified duplicate is justified,extend NvueGnmiCollector sample paths/processors,nvswitch_port_vl_mapping_errors MetricSample,gap,gap-needs-implementation,No exact current collector mapping found,NA,/interfaces/interface [name]/phy-diag/state/port-vl-mapping-errors,PortVLMappingErrors,nv show interface $InterfaceId {InterfaceId: {type: nvl}} {link{phy{detail{port-vl-mapping-errors}}}},NA,required: parser fixture plus metric emission assertion; live GB evidence before review pause,validate on GB200 NVLink Switch BMC/HOST after branch build-test-lint review
958,NVSWITCH-PORT-LOOPING-ERRORS,PORT-LOOPING-ERRORS,Total number of packets received on the port that were discarded because they could not be forwarded by the witch relay due to looping errors (output port = input port). This applies to switches only.,Error,Integer,GB200 NVL NvswitchTray,Available,NVOS gNMI; NMX-T; NVOS CLI,NVOS gNMI,NMX-T,NVOS gNMI then NMX-T then NVOS CLI,one canonical series unless source-qualified duplicate is justified,extend NvueGnmiCollector sample paths/processors,nvswitch_port_looping_errors MetricSample,gap,gap-needs-implementation,No exact current collector mapping found,NA,/interfaces/interface [name]/phy-diag/state/port-looping-errors,PortLoopingErrors,nv show interface $InterfaceId {InterfaceId: {type: nvl}} {link{phy{detail{port-looping-errors}}}},NA,required: parser fixture plus metric emission assertion; live GB evidence before review pause,validate on GB200 NVLink Switch BMC/HOST after branch build-test-lint review
959,NVSWITCH-PORT-INACTIVE-DISCARDS,PORT-INACTIVE-DISCARDS,Number of outbound packets discarded by the port because it is not in the active state.,Error,Integer,GB200 NVL NvswitchTray,Available,NVOS gNMI; NMX-T; NVOS CLI,NVOS gNMI,NMX-T,NVOS gNMI then NMX-T then NVOS CLI,one canonical series unless source-qualified duplicate is justified,extend NvueGnmiCollector sample paths/processors,nvswitch_port_inactive_discards MetricSample,gap,gap-needs-implementation,No exact current collector mapping found,NA,/interfaces/interface [name]/phy-diag/state/port-inactive-discards,PortInactiveDiscards,nv show interface $InterfaceId {InterfaceId: {type: nvl}} {link{phy{detail{port-inactive-discards}}}},NA,required: parser fixture plus metric emission assertion; live GB evidence before review pause,validate on GB200 NVLink Switch BMC/HOST after branch build-test-lint review
960,NVSWITCH-LINK-WIDTH-ACTIVE,LINK-WIDTH-ACTIVE,link active width: Bit 0: 1x Bit 1: 2x Bit 2: 4x,Status,Integer,GB200 NVL NvswitchTray,Available,NVOS gNMI; NMX-T; NVOS CLI,NVOS gNMI,NMX-T,NVOS gNMI then NMX-T then NVOS CLI,one canonical series unless source-qualified duplicate is justified,extend NvueGnmiCollector sample paths/processors,nvswitch_link_width_active MetricSample,gap,gap-needs-implementation,No exact current collector mapping found,NA,interfaces/interface[name=$port_name]/infiniband/state/width,Link_width_active,"nv show interface $InterfaceId {InterfaceId: {type: nvl, state: up}} {link{lanes}}",NA,required: parser fixture plus metric emission assertion; live GB evidence before review pause,validate on GB200 NVLink Switch BMC/HOST after branch build-test-lint review
961,NVSWITCH-PHY-MANAGER-STATE,PHY-MANAGER-STATE,Show some more info about the PHY state: 0:Disabled 1:Open_port 2:Polling 3:Active_or_Linkup 4:Close_port 5:Phy_up 7:Rx_disable,Status,Text,GB200 NVL NvswitchTray,Available OOB,NVOS gNMI; NMX-T,NVOS gNMI,NMX-T,NVOS gNMI then NMX-T,one canonical series unless source-qualified duplicate is justified,extend NvueGnmiCollector sample paths/processors,nvswitch_phy_manager_state as inventory/info event or state metric with bounded labels,gap,gap-needs-implementation,No exact current collector mapping found,NA,/interfaces/interface [name]/phy-diag/state/phy-manager-state,Phy_Manager_State,NA,NA,required: parser fixture plus metric emission assertion; live GB evidence before review pause,validate on GB200 NVLink Switch BMC/HOST after branch build-test-lint review
962,NVSWITCH-MTU,MTU,Maximum Transmission Unit,Specs,Integer,GB200 NVL NvswitchTray,Available,NVOS gNMI; NVOS CLI,NVOS gNMI,NVOS CLI,NVOS gNMI then NVOS CLI,one canonical series unless source-qualified duplicate is justified,extend NvueGnmiCollector sample paths/processors,nvswitch_mtu MetricSample,gap,gap-needs-implementation,No exact current collector mapping found,NA,interfaces/interface[name=$port_name]/infiniband/state/mtu,NA,"nv show interface $InterfaceId {InterfaceId: {type: nvl, state: up}} {link{mtu}}",NA,required: parser fixture plus metric emission assertion; live GB evidence before review pause,validate on GB200 NVLink Switch BMC/HOST after branch build-test-lint review
963,NVSWITCH-MAX-SUPPORTED-MTU,MAX-SUPPORTED-MTU,Maximum Transmission Unit,Specs,Integer,GB200 NVL NvswitchTray,Available,NVOS gNMI; NVOS CLI,NVOS gNMI,NVOS CLI,NVOS gNMI then NVOS CLI,one canonical series unless source-qualified duplicate is justified,extend NvueGnmiCollector sample paths/processors,nvswitch_max_supported_mtu MetricSample,gap,gap-needs-implementation,No exact current collector mapping found,NA,interfaces/interface[name=$port_name]/infiniband/state/max-supported-mtus,NA,nv show interface $InterfaceId {InterfaceId: {type: nvl}} {link{max-supported-mtu}},NA,required: parser fixture plus metric emission assertion; live GB evidence before review pause,validate on GB200 NVLink Switch BMC/HOST after branch build-test-lint review
964,NVSWITCH-SUPPORTED-WIDTH,SUPPORTED-WIDTH,Maximum Transmission Unit,Specs,Float,GB200 NVL NvswitchTray,Available,NVOS gNMI; NVOS CLI,NVOS gNMI,NVOS CLI,NVOS gNMI then NVOS CLI,one canonical series unless source-qualified duplicate is justified,extend NvueGnmiCollector sample paths/processors,nvswitch_supported_width MetricSample,gap,gap-needs-implementation,No exact current collector mapping found,NA,interfaces/interface[name=$port_name]/infiniband/state/supported-widths,NA,nv show interface $InterfaceId {InterfaceId: {type: nvl}} {link{supported-lanes}},NA,required: parser fixture plus metric emission assertion; live GB evidence before review pause,validate on GB200 NVLink Switch BMC/HOST after branch build-test-lint review
965,NVSWITCH-VL-CAPABILITIES,VL-CAPABILITIES,Maximum Transmission Unit,Specs,Text,GB200 NVL NvswitchTray,Available,NVOS gNMI; NVOS CLI,NVOS gNMI,NVOS CLI,NVOS gNMI then NVOS CLI,one canonical series unless source-qualified duplicate is justified,extend NvueGnmiCollector sample paths/processors,nvswitch_vl_capabilities as inventory/info event or state metric with bounded labels,gap,gap-needs-implementation,No exact current collector mapping found,NA,interfaces/interface[name=$port_name]/infiniband/state/vl-capabilities,NA,nv show interface $InterfaceId {InterfaceId: {type: nvl}} {link{vl-capabilities}},NA,required: parser fixture plus metric emission assertion; live GB evidence before review pause,validate on GB200 NVLink Switch BMC/HOST after branch build-test-lint review
966,NVSWITCH-FAN-STATE,FAN-STATE,Fan status,Status,Text,GB200 NVL NvswitchTray,Available,NVOS gNMI; NVOS CLI,NVOS gNMI,NVOS CLI,NVOS gNMI then NVOS CLI,one canonical series unless source-qualified duplicate is justified,extend NvueGnmiCollector sample paths/processors,nvswitch_fan_state as inventory/info event or state metric with bounded labels,gap,gap-needs-implementation,No exact current collector mapping found,,components/component[name=FAN1/1]/state/oper-status,NA,nv show platform environment fan $FanId {state},,required: parser fixture plus metric emission assertion; live GB evidence before review pause,validate on GB200 NVLink Switch BMC/HOST after branch build-test-lint review
967,NVSWITCH-FAN-LED,FAN-LED,Fan LED color,Sensor.Other,Text,GB200 NVL NvswitchTray,Available,NVOS CLI,NVOS CLI,NVOS CLI,NVOS CLI,one canonical series unless source-qualified duplicate is justified,BLOCKER: no current NVOS CLI collector; source equivalent required,nvswitch_fan_led as inventory/info event or state metric with bounded labels,gap,gap-needs-implementation,No exact current collector mapping found,,NA,,nv show platform environment led $LedID {color},,required: parser fixture plus metric emission assertion; live GB evidence before review pause,validate on GB200 NVLink Switch BMC/HOST after branch build-test-lint review
968,NVSWITCH-CABLE-PART-NUMBER,CABLE-PART-NUMBER,Cable part num,Inventory,Text,GB200 NVL NvswitchTray,Available,NMX-T; NVOS CLI,NMX-T,NVOS CLI,NMX-T then NVOS CLI,one canonical series unless source-qualified duplicate is justified,extend NmxtCollector mapping,nvswitch_cable_part_number as inventory/info event or state metric with bounded labels,gap,gap-needs-implementation,No exact current collector mapping found,,NA,Cable_PN,nv show platform transceiver $TransceiverId {TransceiverId: {status: Inserted}} {vendor-pn},,required: parser fixture plus metric emission assertion; live GB evidence before review pause,validate on GB200 NVLink Switch BMC/HOST after branch build-test-lint review
969,NVSWITCH-CABLE-SERIAL-NUMBER,CABLE-SERIAL-NUMBER,Cabl Serial num,Inventory,Integer,GB200 NVL NvswitchTray,Available OOB,NMX-T; NVOS CLI,NMX-T,NVOS CLI,NMX-T then NVOS CLI,one canonical series unless source-qualified duplicate is justified,extend NmxtCollector mapping,nvswitch_cable_serial_number MetricSample,gap,gap-needs-implementation,No exact current collector mapping found,Na,NA,Cable_SN,nv show platform transceiver $TransceiverId {TransceiverId: {status: Inserted}} {vendor-sn},,required: parser fixture plus metric emission assertion; live GB evidence before review pause,validate on GB200 NVLink Switch BMC/HOST after branch build-test-lint review
970,NVSWITCH-CABLE-TRANSMITTER-TECHNOLOGY,CABLE-TRANSMITTER-TECHNOLOGY,Active/Passive cable,Inventory,Text,GB200 NVL NvswitchTray,Available,NMX-T,NMX-T,,NMX-T,one canonical series unless source-qualified duplicate is justified,extend NmxtCollector mapping,nvswitch_cable_transmitter_technology as inventory/info event or state metric with bounded labels,gap,gap-needs-implementation,No exact current collector mapping found,,NA,cable_technology,TBD,,required: parser fixture plus metric emission assertion; live GB evidence before review pause,validate on GB200 NVLink Switch BMC/HOST after branch build-test-lint review
971,NVSWITCH-CABLE-TYPE,CABLE-TYPE,Cable/module type: 0: Unidentified 1: Active_cable - (active copper / optics) 2: Optical_Module - (separated) 3: Passive_copper_cable 4: Cable_unplugged 5: Twisted_pair,Inventory,Text,GB200 NVL NvswitchTray,Available,NMX-T; NVOS CLI,NMX-T,NVOS CLI,NMX-T then NVOS CLI,one canonical series unless source-qualified duplicate is justified,extend NmxtCollector mapping,nvswitch_cable_type as inventory/info event or state metric with bounded labels,gap,gap-needs-implementation,No exact current collector mapping found,,NA,cable_type,nv show platform transceiver $TransceiverId {TransceiverId: {status: Inserted}} {cable-type},,required: parser fixture plus metric emission assertion; live GB evidence before review pause,validate on GB200 NVLink Switch BMC/HOST after branch build-test-lint review
972,NVSWITCH-CABLE-VENDOR,CABLE-VENDOR,Cable vendor: 0: Other 1: Mellanox 2: Known_OUI 3: NVIDIA,Inventory,Text,GB200 NVL NvswitchTray,Available,NMX-T; NVOS CLI,NMX-T,NVOS CLI,NMX-T then NVOS CLI,one canonical series unless source-qualified duplicate is justified,extend NmxtCollector mapping,nvswitch_cable_vendor as inventory/info event or state metric with bounded labels,gap,gap-needs-implementation,No exact current collector mapping found,,NA,cable_vendor,nv show platform transceiver $TransceiverId {TransceiverId: {status: Inserted}} {vendor-name},,required: parser fixture plus metric emission assertion; live GB evidence before review pause,validate on GB200 NVLink Switch BMC/HOST after branch build-test-lint review
973,NVSWITCH-CABLE-LENGTH,CABLE-LENGTH,Cable length in 1m units. For CMIS modules: bits 6:7 represent cable_length_multiplier for calculating cable length 00 - 0.1 multiplier (0.1 to 6.3m) 01- 1 multiplier (1 to 63m) 10 - 10 multiplier (10 to 630m) 11 - 100 multiplier (100 to 6300m) bits 0:5 represent cable_length_value for calculating cable length. length is calculated with cable_length_value * cable_length_- multiplier,Specs,Float,GB200 NVL NvswitchTray,Available,NMX-T; NVOS CLI,NMX-T,NVOS CLI,NMX-T then NVOS CLI,one canonical series unless source-qualified duplicate is justified,extend NmxtCollector mapping,nvswitch_cable_length MetricSample,gap,gap-needs-implementation,No exact current collector mapping found,,NA,cable_length,nv show platform transceiver $TransceiverId {TransceiverId: {status: Inserted}} {cable-length},,required: parser fixture plus metric emission assertion; live GB evidence before review pause,validate on GB200 NVLink Switch BMC/HOST after branch build-test-lint review
974,NVSWITCH-CABLE-IDENTIFIER,CABLE-IDENTIFIER,"0: QSFP28 1: QSFP_Plus 2: SFP28_or_SFP_Plus 3: QSA - (QSFP->SFP) 4: Backplane 5: SFP_DD 6: QSFP_DD 7: QSFP_CMIS 8: OSFP 9: C2C 10: DSFP 11: QSFP_Split_Cable identifiers that are CMIS compliant are: 5,6,7,8,10",Specs,Integer,GB200 NVL NvswitchTray,Available,NMX-T; NVOS CLI,NMX-T,NVOS CLI,NMX-T then NVOS CLI,one canonical series unless source-qualified duplicate is justified,extend NmxtCollector mapping,nvswitch_cable_identifier MetricSample,gap,gap-needs-implementation,No exact current collector mapping found,,NA,cable_identifier,nv show platform transceiver $TransceiverId {TransceiverId: {status: Inserted}} {identifier},,required: parser fixture plus metric emission assertion; live GB evidence before review pause,validate on GB200 NVLink Switch BMC/HOST after branch build-test-lint review
975,NVSWITCH-CABLE-REV,CABLE-REV,ASCII Vendor revision aligned to right padded with 0h on the left,Inventory,Text,GB200 NVL NvswitchTray,Available,NMX-T; NVOS CLI,NMX-T,NVOS CLI,NMX-T then NVOS CLI,one canonical series unless source-qualified duplicate is justified,extend NmxtCollector mapping,nvswitch_cable_rev as inventory/info event or state metric with bounded labels,gap,gap-needs-implementation,No exact current collector mapping found,,NA,vendor_rev,nv show platform transceiver $TransceiverId {TransceiverId: {status: Inserted}} {vendor-rev},,required: parser fixture plus metric emission assertion; live GB evidence before review pause,validate on GB200 NVLink Switch BMC/HOST after branch build-test-lint review
976,NVSWITCH-CABLE-FW-VERSION,CABLE-FW-VERSION,module FW version (relevant for optic only),Config,,GB200 NVL NvswitchTray,Available,NMX-T; NVOS CLI,NMX-T,NVOS CLI,NMX-T then NVOS CLI,one canonical series unless source-qualified duplicate is justified,extend NmxtCollector mapping,nvswitch_cable_fw_version MetricSample,gap,gap-needs-implementation,No exact current collector mapping found,,NA,cable_fw_version,nv show platform transceiver $TransceiverId {TransceiverId: {status: Inserted}} {firmware},,required: parser fixture plus metric emission assertion; live GB evidence before review pause,validate on GB200 NVLink Switch BMC/HOST after branch build-test-lint review
977,NVSWITCH-CABLE-RX-POWER-LANE0,CABLE-RX-POWER-LANE0,module internally measured Rx input optical power for lane 1 in uW / dBm (relevant for optic only),Sensor.Power,Float,GB200 NVL NvswitchTray,Available,NMX-T; NVOS CLI,NMX-T,NVOS CLI,NMX-T then NVOS CLI,one canonical series unless source-qualified duplicate is justified,extend NmxtCollector mapping,nvswitch_cable_rx_power_lane0 MetricSample,gap,gap-needs-implementation,No exact current collector mapping found,,NA,rx_power_lane_0,nv show platform transceiver $TransceiverId {TransceiverId: {status: Inserted}} {channel{channel-1{rx-power{Power}}}},,required: parser fixture plus metric emission assertion; live GB evidence before review pause,validate on GB200 NVLink Switch BMC/HOST after branch build-test-lint review
978,NVSWITCH-CABLE-RX-POWER-LANE1,CABLE-RX-POWER-LANE1,module internally measured Rx input optical power for lane 1 in uW / dBm (relevant for optic only),Sensor.Power,Float,GB200 NVL NvswitchTray,Available,NMX-T; NVOS CLI,NMX-T,NVOS CLI,NMX-T then NVOS CLI,one canonical series unless source-qualified duplicate is justified,extend NmxtCollector mapping,nvswitch_cable_rx_power_lane1 MetricSample,gap,gap-needs-implementation,No exact current collector mapping found,,NA,rx_power_lane_1,nv show platform transceiver $TransceiverId {TransceiverId: {status: Inserted}} {channel{channel-2{rx-power{Power}}}},,required: parser fixture plus metric emission assertion; live GB evidence before review pause,validate on GB200 NVLink Switch BMC/HOST after branch build-test-lint review
979,NVSWITCH-CABLE-DIAG-SUPPLY-VOLTAGE,CABLE-DIAG-SUPPLY-VOLTAGE,Internally measured supply voltage in 100uV (relevant for optic only),Sensor.Voltage,Integer,GB200 NVL NvswitchTray,Available,NMX-T; NVOS CLI,NMX-T,NVOS CLI,NMX-T then NVOS CLI,one canonical series unless source-qualified duplicate is justified,extend NmxtCollector mapping,nvswitch_cable_diag_supply_voltage MetricSample,gap,gap-needs-implementation,No exact current collector mapping found,,NA,Module_Voltage,nv show platform transceiver $TransceiverId {TransceiverId: {status: Inserted}} {voltage{voltage}},,required: parser fixture plus metric emission assertion; live GB evidence before review pause,validate on GB200 NVLink Switch BMC/HOST after branch build-test-lint review
980,NVSWITCH-CABLE-TEMP,CABLE-TEMP,Module main temperature sensor measured on a unit scale of 1/256 C degrees(relevant for optic only),Sensor.Thermal,Integer,GB200 NVL NvswitchTray,Available OOB,NMX-T; NVOS CLI,NMX-T,NVOS CLI,NMX-T then NVOS CLI,one canonical series unless source-qualified duplicate is justified,extend NmxtCollector mapping,nvswitch_cable_temp MetricSample,gap,gap-needs-implementation,No exact current collector mapping found,,NA,Module_Temperature,nv show platform transceiver $TransceiverId {TransceiverId: {status: Inserted}} {temperature{temperature}},,required: parser fixture plus metric emission assertion; live GB evidence before review pause,validate on GB200 NVLink Switch BMC/HOST after branch build-test-lint review
981,NVSWITCH-CABLE-TEMP-ALARM,CABLE-TEMP-ALARM,Temperature warning threshold on a unit scale of 1/256 C degrees.,Config,Integer,GB200 NVL NvswitchTray,Available OOB,NVOS gNMI; NMX-T,NVOS gNMI,NMX-T,NVOS gNMI then NMX-T,one canonical series unless source-qualified duplicate is justified,extend NvueGnmiCollector sample paths/processors,nvswitch_cable_temp_alarm MetricSample,gap,gap-needs-implementation,No exact current collector mapping found,,components/component[name]/transceiver/physical-channels/transceiver-diag/state/temp-high-alarm-flag,Temp_flags,NA,,required: parser fixture plus metric emission assertion; live GB evidence before review pause,validate on GB200 NVLink Switch BMC/HOST after branch build-test-lint review
982,NVSWITCH-CABLE-VOLTAGE-ALARM,CABLE-VOLTAGE-ALARM,Voltage warning threshold on a unit scale of 100uV.,Sensor.Voltage,Integer,GB200 NVL NvswitchTray,Available,NVOS gNMI; NMX-T,NVOS gNMI,NMX-T,NVOS gNMI then NMX-T,one canonical series unless source-qualified duplicate is justified,extend NvueGnmiCollector sample paths/processors,nvswitch_cable_voltage_alarm MetricSample,gap,gap-needs-implementation,No exact current collector mapping found,,components/component[name]/transceiver/physical-channels/transceiver-diag/state/vcc-high-alarm-flag,Vcc_flags,NA,,required: parser fixture plus metric emission assertion; live GB evidence before review pause,validate on GB200 NVLink Switch BMC/HOST after branch build-test-lint review
983,NVSWITCH-CABLE-TX-CDR-LOL,CABLE-TX-CDR-LOL,Bitmask for latched Tx cdr loss of lock flag per lane. Bit 0 - lane 0 ... Bit 7 - lane 7,Config,Text,GB200 NVL NvswitchTray,Available,NVOS gNMI; NMX-T,NVOS gNMI,NMX-T,NVOS gNMI then NMX-T,one canonical series unless source-qualified duplicate is justified,extend NvueGnmiCollector sample paths/processors,nvswitch_cable_tx_cdr_lol as inventory/info event or state metric with bounded labels,gap,gap-needs-implementation,No exact current collector mapping found,,components/component[name]/transceiver/physical-channels/channel[channel]/channel-diag/tx-cdr-lol,tx_cdr_lol,NA,,required: parser fixture plus metric emission assertion; live GB evidence before review pause,validate on GB200 NVLink Switch BMC/HOST after branch build-test-lint review
984,NVSWITCH-CABLE-RX-CDR-LOL,CABLE-RX-CDR-LOL,Bitmask for latched Rx cdr loss of lock flag per lane. Bit 0 - lane 0 ... Bit 7 - lane 7,Config,Text,GB200 NVL NvswitchTray,Available,NVOS gNMI; NMX-T,NVOS gNMI,NMX-T,NVOS gNMI then NMX-T,one canonical series unless source-qualified duplicate is justified,extend NvueGnmiCollector sample paths/processors,nvswitch_cable_rx_cdr_lol as inventory/info event or state metric with bounded labels,gap,gap-needs-implementation,No exact current collector mapping found,,components/component[name]/transceiver/physical-channels/channel[channel]/channel-diag/rx-cdr-lol,rx_cdr_lol,NA,,required: parser fixture plus metric emission assertion; live GB evidence before review pause,validate on GB200 NVLink Switch BMC/HOST after branch build-test-lint review
985,NVSWITCH-CABLE-TX-LOS,CABLE-TX-LOS,Bitmask for latched Tx loss of signal flag per lane. Bit 0 - lane 0 ... Bit 7 - lane 7,Config,Text,GB200 NVL NvswitchTray,Available,NVOS gNMI; NMX-T,NVOS gNMI,NMX-T,NVOS gNMI then NMX-T,one canonical series unless source-qualified duplicate is justified,extend NvueGnmiCollector sample paths/processors,nvswitch_cable_tx_los as inventory/info event or state metric with bounded labels,gap,gap-needs-implementation,No exact current collector mapping found,,components/component[name]/transceiver/physical-channels/channel[channel]/channel-diag/tx-los,tx_los,NA,,required: parser fixture plus metric emission assertion; live GB evidence before review pause,validate on GB200 NVLink Switch BMC/HOST after branch build-test-lint review
986,NVSWITCH-CABLE-RX-LOS,CABLE-RX-LOS,Bitmask for latched Rx loss of signal flag per lane. Bit 0 - lane 0 ... Bit 7 - lane 7,Config,Text,GB200 NVL NvswitchTray,Available,NVOS gNMI; NMX-T,NVOS gNMI,NMX-T,NVOS gNMI then NMX-T,one canonical series unless source-qualified duplicate is justified,extend NvueGnmiCollector sample paths/processors,nvswitch_cable_rx_los as inventory/info event or state metric with bounded labels,gap,gap-needs-implementation,No exact current collector mapping found,,components/component[name]/transceiver/physical-channels/channel[channel]/channel-diag/rx-los,rx_los,NA,,required: parser fixture plus metric emission assertion; live GB evidence before review pause,validate on GB200 NVLink Switch BMC/HOST after branch build-test-lint review
987,NVSWITCH-LINK-PARTNER-DESCRIPTION,LINK-PARTNER-DESCRIPTION,Description of the link partner side (port that is connected to the port),Inventory,Text,GB200 NVL NvswitchTray,Available,NMX-T,NMX-T,,NMX-T,one canonical series unless source-qualified duplicate is justified,extend NmxtCollector mapping,nvswitch_link_partner_description as inventory/info event or state metric with bounded labels,gap,gap-needs-implementation,No exact current collector mapping found,,NA,link_partner_description,NA,,required: parser fixture plus metric emission assertion; live GB evidence before review pause,validate on GB200 NVLink Switch BMC/HOST after branch build-test-lint review
988,NVSWITCH-LINK-PARTNER-NODE-GUID,LINK-PARTNER-NODE-GUID,GUID of the link partner side (port that is connected to the port),Inventory,Text,GB200 NVL NvswitchTray,Available,NMX-T,NMX-T,,NMX-T,one canonical series unless source-qualified duplicate is justified,extend NmxtCollector mapping,nvswitch_link_partner_node_guid as inventory/info event or state metric with bounded labels,gap,gap-needs-implementation,No exact current collector mapping found,,NA,link_partner_node_guid,NA,,required: parser fixture plus metric emission assertion; live GB evidence before review pause,validate on GB200 NVLink Switch BMC/HOST after branch build-test-lint review
989,NVSWITCH-LINK-PARTNER-LID,LINK-PARTNER-LID,LID of the link partner side (port that is connected to the port),Inventory,Text,GB200 NVL NvswitchTray,Available,NMX-T,NMX-T,,NMX-T,one canonical series unless source-qualified duplicate is justified,extend NmxtCollector mapping,nvswitch_link_partner_lid as inventory/info event or state metric with bounded labels,gap,gap-needs-implementation,No exact current collector mapping found,,NA,link_partner_lid,NA,,required: parser fixture plus metric emission assertion; live GB evidence before review pause,validate on GB200 NVLink Switch BMC/HOST after branch build-test-lint review
990,NVSWITCH-LINK-PARTNER-PORT-NUM,LINK-PARTNER-PORT-NUM,Port number of the link partner side (port that is connected to the port),Inventory,Integer,GB200 NVL NvswitchTray,Available,NMX-T,NMX-T,,NMX-T,one canonical series unless source-qualified duplicate is justified,extend NmxtCollector mapping,nvswitch_link_partner_port_num MetricSample,gap,gap-needs-implementation,No exact current collector mapping found,,NA,link_partner_port_num,NA,,required: parser fixture plus metric emission assertion; live GB evidence before review pause,validate on GB200 NVLink Switch BMC/HOST after branch build-test-lint review
1174,NVSWITCH-CPU-STATE,CPU-STATE,CPU status,Status,Text,GB200 NVL NvswitchTray,Available,NVOS gNMI,NVOS gNMI,,NVOS gNMI,one canonical series unless source-qualified duplicate is justified,extend NvueGnmiCollector sample paths/processors,nvswitch_cpu_state as inventory/info event or state metric with bounded labels,gap,gap-needs-implementation,No exact current collector mapping found,,components/component[name=cpu]/state/oper-status,NA,NA,,required: parser fixture plus metric emission assertion; live GB evidence before review pause,validate on GB200 NVLink Switch BMC/HOST after branch build-test-lint review
1241,NVSWITCH-DRIVE-TEMP-CRITICAL,DRIVE-TEMP-CRITICAL,"Critical temperature threshold for drive, above this level the system will shutdown",Config,Integer,GB200 NVL NvswitchTray,Available OOB,NVOS CLI,NVOS CLI,NVOS CLI,NVOS CLI,one canonical series unless source-qualified duplicate is justified,BLOCKER: no current NVOS CLI collector; source equivalent required,nvswitch_drive_temp_critical MetricSample,gap,gap-needs-implementation,No exact current collector mapping found,NA,NA,NA,nv show platform environment temperature $TemparatureId {TemparatureId: {Name: Drive-Temp}} {crit},,required: parser fixture plus metric emission assertion; live GB evidence before review pause,validate on GB200 NVLink Switch BMC/HOST after branch build-test-lint review
1242,NVSWITCH-DRIVE-TEMP-MAX,DRIVE-TEMP-MAX,Max temperature threshold for drive,Config,Integer,GB200 NVL NvswitchTray,Available OOB,NVOS CLI,NVOS CLI,NVOS CLI,NVOS CLI,one canonical series unless source-qualified duplicate is justified,BLOCKER: no current NVOS CLI collector; source equivalent required,nvswitch_drive_temp_max MetricSample,gap,gap-needs-implementation,No exact current collector mapping found,,NA,NA,nv show platform environment temperature $TemparatureId {TemparatureId: {Name: Drive-Temp}} {max},,required: parser fixture plus metric emission assertion; live GB evidence before review pause,validate on GB200 NVLink Switch BMC/HOST after branch build-test-lint review
1243,NVSWITCH-DRIVE-TEMP-STATE,DRIVE-TEMP-STATE,Drive Temperature - o.k./not o.k.,Status,Integer,GB200 NVL NvswitchTray,Available OOB,NVOS CLI,NVOS CLI,NVOS CLI,NVOS CLI,one canonical series unless source-qualified duplicate is justified,BLOCKER: no current NVOS CLI collector; source equivalent required,nvswitch_drive_temp_state MetricSample,gap,gap-needs-implementation,No exact current collector mapping found,,NA,NA,nv show platform environment temperature $TemparatureId {TemparatureId: {Name: Drive-Temp}} {state},,required: parser fixture plus metric emission assertion; live GB evidence before review pause,validate on GB200 NVLink Switch BMC/HOST after branch build-test-lint review
1244,NVSWITCH-DRIVE-TEMP-CURRENT,DRIVE-TEMP-CURRENT,Drive Temperature - current temperature,Sensor.Thermal,Integer,GB200 NVL NvswitchTray,Available OOB,NVOS CLI,NVOS CLI,NVOS CLI,NVOS CLI,one canonical series unless source-qualified duplicate is justified,BLOCKER: no current NVOS CLI collector; source equivalent required,nvswitch_drive_temp_current MetricSample,gap,gap-needs-implementation,No exact current collector mapping found,,NA,NA,nv show platform environment temperature $TemparatureId {TemparatureId: {Name: Drive-Temp}} {current},,required: parser fixture plus metric emission assertion; live GB evidence before review pause,validate on GB200 NVLink Switch BMC/HOST after branch build-test-lint review
1245,NVSWITCH-HSC-VINDC-TEMP-CRITICAL,HSC-VINDC-TEMP-CRITICAL,"Critical temperature threshold for HSC, above this level the system will shutdown",Config,Integer,GB200 NVL NvswitchTray,Available OOB,NVOS CLI,NVOS CLI,NVOS CLI,NVOS CLI,one canonical series unless source-qualified duplicate is justified,BLOCKER: no current NVOS CLI collector; source equivalent required,nvswitch_hsc_vindc_temp_critical MetricSample,gap,gap-needs-implementation,No exact current collector mapping found,NA,NA,NA,nv show platform environment temperature $TemparatureId {TemparatureId: {Name: HSC-VinDC-Temp}} {crit},,required: parser fixture plus metric emission assertion; live GB evidence before review pause,validate on GB200 NVLink Switch BMC/HOST after branch build-test-lint review
1246,NVSWITCH-HSC-VINDC-TEMP-MAX,HSC-VINDC-TEMP-MAX,Max temperature threshold for HSC,Config,Integer,GB200 NVL NvswitchTray,Available OOB,NVOS CLI,NVOS CLI,NVOS CLI,NVOS CLI,one canonical series unless source-qualified duplicate is justified,BLOCKER: no current NVOS CLI collector; source equivalent required,nvswitch_hsc_vindc_temp_max MetricSample,gap,gap-needs-implementation,No exact current collector mapping found,,NA,NA,nv show platform environment temperature $TemparatureId {TemparatureId: {Name: HSC-VinDC-Temp}} {max},,required: parser fixture plus metric emission assertion; live GB evidence before review pause,validate on GB200 NVLink Switch BMC/HOST after branch build-test-lint review
1247,NVSWITCH-HSC-VINDC-TEMP-STATE,HSC-VINDC-TEMP-STATE,HSC Temperature - o.k./not o.k.,Status,Integer,GB200 NVL NvswitchTray,Available OOB,NVOS CLI,NVOS CLI,NVOS CLI,NVOS CLI,one canonical series unless source-qualified duplicate is justified,BLOCKER: no current NVOS CLI collector; source equivalent required,nvswitch_hsc_vindc_temp_state MetricSample,gap,gap-needs-implementation,No exact current collector mapping found,,NA,NA,nv show platform environment temperature $TemparatureId {TemparatureId: {Name: HSC-VinDC-Temp}} {state},,required: parser fixture plus metric emission assertion; live GB evidence before review pause,validate on GB200 NVLink Switch BMC/HOST after branch build-test-lint review
1248,NVSWITCH-HSC-VINDC-TEMP-CURRENT,HSC-VINDC-TEMP-CURRENT,HSC Temperature - current temperature,Sensor.Thermal,Integer,GB200 NVL NvswitchTray,Available OOB,NVOS CLI,NVOS CLI,NVOS CLI,NVOS CLI,one canonical series unless source-qualified duplicate is justified,BLOCKER: no current NVOS CLI collector; source equivalent required,nvswitch_hsc_vindc_temp_current MetricSample,gap,gap-needs-implementation,No exact current collector mapping found,,NA,NA,nv show platform environment temperature $TemparatureId {TemparatureId: {Name: HSC-VinDC-Temp}} {current},,required: parser fixture plus metric emission assertion; live GB evidence before review pause,validate on GB200 NVLink Switch BMC/HOST after branch build-test-lint review
1249,NVSWITCH-PDB-CONV-TEMP-CRITICAL,PDB-CONV-TEMP-CRITICAL,"Critical temperature threshold for PDB, above this level the system will shutdown",Config,Integer,GB200 NVL NvswitchTray,Available OOB,NVOS CLI,NVOS CLI,NVOS CLI,NVOS CLI,one canonical series unless source-qualified duplicate is justified,BLOCKER: no current NVOS CLI collector; source equivalent required,nvswitch_pdb_conv_temp_critical MetricSample,gap,gap-needs-implementation,No exact current collector mapping found,NA,NA,NA,"nv show platform environment temperature $TemparatureId {TemparatureId: {Name: ""PDB-Conv-*-Temp""}} {crit}",,required: parser fixture plus metric emission assertion; live GB evidence before review pause,validate on GB200 NVLink Switch BMC/HOST after branch build-test-lint review
1251,NVSWITCH-PDB-CONV-TEMP-STATE,PDB-CONV-TEMP-STATE,PDB Temperature - o.k./not o.k.,Status,Integer,GB200 NVL NvswitchTray,Available OOB,NVOS CLI,NVOS CLI,NVOS CLI,NVOS CLI,one canonical series unless source-qualified duplicate is justified,BLOCKER: no current NVOS CLI collector; source equivalent required,nvswitch_pdb_conv_temp_state MetricSample,gap,gap-needs-implementation,No exact current collector mapping found,,NA,NA,"nv show platform environment temperature $TemparatureId {TemparatureId: {Name: ""PDB-Conv-*-Temp""}} {state}",,required: parser fixture plus metric emission assertion; live GB evidence before review pause,validate on GB200 NVLink Switch BMC/HOST after branch build-test-lint review
1252,NVSWITCH-PDB-CONV-TEMP-CURRENT,PDB-CONV-TEMP-CURRENT,PDB Temperature - current temperature,Sensor.Thermal,Integer,GB200 NVL NvswitchTray,Available OOB,NVOS CLI,NVOS CLI,NVOS CLI,NVOS CLI,one canonical series unless source-qualified duplicate is justified,BLOCKER: no current NVOS CLI collector; source equivalent required,nvswitch_pdb_conv_temp_current MetricSample,gap,gap-needs-implementation,No exact current collector mapping found,,NA,NA,"nv show platform environment temperature $TemparatureId {TemparatureId: {Name: ""PDB-Conv-*-Temp""}} {current}",,required: parser fixture plus metric emission assertion; live GB evidence before review pause,validate on GB200 NVLink Switch BMC/HOST after branch build-test-lint review
1253,NVSWITCH-PMIC-TEMP-CRITICAL,PMIC-TEMP-CRITICAL,"Critical temperature threshold for PMIC, above this level the system will shutdown",Config,Integer,GB200 NVL NvswitchTray,Available OOB,NVOS CLI,NVOS CLI,NVOS CLI,NVOS CLI,one canonical series unless source-qualified duplicate is justified,BLOCKER: no current NVOS CLI collector; source equivalent required,nvswitch_pmic_temp_critical MetricSample,gap,gap-needs-implementation,No exact current collector mapping found,NA,NA,NA,"nv show platform environment temperature $TemparatureId {TemparatureId: {Name: ""PMIC-*-Temp""}} {crit}",,required: parser fixture plus metric emission assertion; live GB evidence before review pause,validate on GB200 NVLink Switch BMC/HOST after branch build-test-lint review
1255,NVSWITCH-PMIC-TEMP-STATE,PMIC-TEMP-STATE,PMIC Temperature - o.k./not o.k.,Status,Integer,GB200 NVL NvswitchTray,Available OOB,NVOS CLI,NVOS CLI,NVOS CLI,NVOS CLI,one canonical series unless source-qualified duplicate is justified,BLOCKER: no current NVOS CLI collector; source equivalent required,nvswitch_pmic_temp_state MetricSample,gap,gap-needs-implementation,No exact current collector mapping found,,NA,NA,"nv show platform environment temperature $TemparatureId {TemparatureId: {Name: ""PMIC-*-Temp""}} {state}",,required: parser fixture plus metric emission assertion; live GB evidence before review pause,validate on GB200 NVLink Switch BMC/HOST after branch build-test-lint review
1256,NVSWITCH-PMIC-TEMP-CURRENT,PMIC-TEMP-CURRENT,PMIC Temperature - current temperature,Sensor.Thermal,Integer,GB200 NVL NvswitchTray,Available OOB,NVOS CLI,NVOS CLI,NVOS CLI,NVOS CLI,one canonical series unless source-qualified duplicate is justified,BLOCKER: no current NVOS CLI collector; source equivalent required,nvswitch_pmic_temp_current MetricSample,gap,gap-needs-implementation,No exact current collector mapping found,,NA,NA,"nv show platform environment temperature $TemparatureId {TemparatureId: {Name: ""PMIC-*-Temp""}} {current}",,required: parser fixture plus metric emission assertion; live GB evidence before review pause,validate on GB200 NVLink Switch BMC/HOST after branch build-test-lint review
1259,NVSWITCH-SWB-ASIC-PCB-TEMP-STATE,SWB-ASIC-PCB-TEMP-STATE,SWB ASIC PCB Temperature - o.k./not o.k.,Status,Integer,GB200 NVL NvswitchTray,Available OOB,NVOS CLI,NVOS CLI,,NVOS CLI,one canonical series unless source-qualified duplicate is justified,BLOCKER: no current NVOS CLI collector; source equivalent required,nvswitch_swb_asic_pcb_temp_state MetricSample,gap,gap-needs-implementation,No exact current collector mapping found,,NA,NA,"nv show platform environment temperature $TemparatureId {TemparatureId: {Name: ""SWB-ASIC*-PCB-Temp""}} {state}",,required: parser fixture plus metric emission assertion; live GB evidence before review pause,validate on GB200 NVLink Switch BMC/HOST after branch build-test-lint review
1260,NVSWITCH-SWB-ASIC-PCB-TEMP-CURRENT,SWB-ASIC-PCB-TEMP-CURRENT,SWB ASIC PCB Temperature - current temperature,Sensor.Thermal,Integer,GB200 NVL NvswitchTray,Available OOB,NVOS CLI,NVOS CLI,,NVOS CLI,one canonical series unless source-qualified duplicate is justified,BLOCKER: no current NVOS CLI collector; source equivalent required,nvswitch_swb_asic_pcb_temp_current MetricSample,gap,gap-needs-implementation,No exact current collector mapping found,,NA,NA,"nv show platform environment temperature $TemparatureId {TemparatureId: {Name: ""SWB-ASIC*-PCB-Temp""}} {current}",,required: parser fixture plus metric emission assertion; live GB evidence before review pause,validate on GB200 NVLink Switch BMC/HOST after branch build-test-lint review
1688,NVSWITCH-LINK-RECOVERY-SUCCESS-CNT,LINK-RECOVERY-SUCCESS-CNT,Successful recovery count in an active link. Counter resets on link flap.,"Status, Event",Integer,GB200 NVL NvswitchTray,Available OOB,NMX-T,NMX-T,,NMX-T,one canonical series unless source-qualified duplicate is justified,extend NmxtCollector mapping,nvswitch_link_recovery_success_cnt MetricSample,gap,gap-needs-implementation,No exact current collector mapping found,,NA,successful_recovery_events,NA,,required: parser fixture plus metric emission assertion; live GB evidence before review pause,validate on GB200 NVLink Switch BMC/HOST after branch build-test-lint review
1689,NVSWITCH-TOTAL-LINK-RECOVERY-SUCCESS-CNT,TOTAL-LINK-RECOVERY-SUCCESS-CNT,Total successful recovery count accumulated across link flaps.,Status,Integer,GB200 NVL NvswitchTray,Available OOB,NMX-T,NMX-T,,NMX-T,one canonical series unless source-qualified duplicate is justified,extend NmxtCollector mapping,nvswitch_total_link_recovery_success_cnt MetricSample,gap,gap-needs-implementation,No exact current collector mapping found,,NA,total_successful_recovery_events,NA,,required: parser fixture plus metric emission assertion; live GB evidence before review pause,validate on GB200 NVLink Switch BMC/HOST after branch build-test-lint review
1690,NVSWITCH-TIME-SINCE-LAST-RECOVERY,TIME-SINCE-LAST-RECOVERY,"Elapsed time since last recovery event, measured in seconds.",Status,Integer,GB200 NVL NvswitchTray,Available OOB,NMX-T,NMX-T,,NMX-T,one canonical series unless source-qualified duplicate is justified,extend NmxtCollector mapping,nvswitch_time_since_last_recovery MetricSample,gap,gap-needs-implementation,No exact current collector mapping found,,NA,time_since_last_recovery,NA,,required: parser fixture plus metric emission assertion; live GB evidence before review pause,validate on GB200 NVLink Switch BMC/HOST after branch build-test-lint review
1691,NVSWITCH-TIME-BTWN-TWO-RECOVERIES,TIME-BTWN-TWO-RECOVERIES,"Time in msec between two last consecutive recoveries (success or fail) from exit of first to entry of second. When value is OxFFFF, time is more than 1 minute.",Status,Integer,GB200 NVL NvswitchTray,Available OOB,NMX-T,NMX-T,,NMX-T,one canonical series unless source-qualified duplicate is justified,extend NmxtCollector mapping,nvswitch_time_btwn_two_recoveries MetricSample,gap,gap-needs-implementation,No exact current collector mapping found,,NA,time_between_last_2_recoveries,NA,,required: parser fixture plus metric emission assertion; live GB evidence before review pause,validate on GB200 NVLink Switch BMC/HOST after branch build-test-lint review
1692,NVSWITCH-RECOVERY-ATTEMPTS-L1-CNT,RECOVERY-ATTEMPTS-L1-CNT,Number of first level (logical lock attempts made during the last recovery.,Status,Integer,GB200 NVL NvswitchTray,Available OOB,NMX-T,NMX-T,,NMX-T,one canonical series unless source-qualified duplicate is justified,extend NmxtCollector mapping,nvswitch_recovery_attempts_l1_cnt MetricSample,gap,gap-needs-implementation,No exact current collector mapping found,,NA,last_host_logical_recovery_attempts_count,NA,,required: parser fixture plus metric emission assertion; live GB evidence before review pause,validate on GB200 NVLink Switch BMC/HOST after branch build-test-lint review
1693,NVSWITCH-RECOVERY-ATTEMPTS-L2-CNT,RECOVERY-ATTEMPTS-L2-CNT,Number of second level (Serdes) lock attempts made during the last recovery.,Status,Integer,GB200 NVL NvswitchTray,Available OOB,NMX-T,NMX-T,,NMX-T,one canonical series unless source-qualified duplicate is justified,extend NmxtCollector mapping,nvswitch_recovery_attempts_l2_cnt MetricSample,gap,gap-needs-implementation,No exact current collector mapping found,,NA,last_host_serdes_feq_attempts_count,NA,,required: parser fixture plus metric emission assertion; live GB evidence before review pause,validate on GB200 NVLink Switch BMC/HOST after branch build-test-lint review
1694,NVSWITCH-RECOVERY-CYCLE-DURATION,RECOVERY-CYCLE-DURATION,Duration (in milliseconds) of the last logical recovery cycle.,Status,Integer,GB200 NVL NvswitchTray,Available OOB,NMX-T,NMX-T,,NMX-T,one canonical series unless source-qualified duplicate is justified,extend NmxtCollector mapping,nvswitch_recovery_cycle_duration MetricSample,gap,gap-needs-implementation,No exact current collector mapping found,,NA,time_in_last_host_logical_recovery,NA,,required: parser fixture plus metric emission assertion; live GB evidence before review pause,validate on GB200 NVLink Switch BMC/HOST after branch build-test-lint review
1695,NVSWITCH-SERDES-RECOVERY-CYCLE-DURATION,SERDES-RECOVERY-CYCLE-DURATION,Duration (in milliseconds) of the last Serdes recovery cycle.,Status,Integer,GB200 NVL NvswitchTray,Available OOB,NMX-T,NMX-T,,NMX-T,one canonical series unless source-qualified duplicate is justified,extend NmxtCollector mapping,nvswitch_serdes_recovery_cycle_duration MetricSample,gap,gap-needs-implementation,No exact current collector mapping found,,NA,time_in_last_host_serdes_feq_recovery,NA,,required: parser fixture plus metric emission assertion; live GB evidence before review pause,validate on GB200 NVLink Switch BMC/HOST after branch build-test-lint review
1696,NVSWITCH-CONTAIN-DRAIN-XMIT-DISCARD,CONTAIN-DRAIN-XMIT-DISCARD,Number of transmit discards related to the contain and drain mechanism on NVLink ports,Performance,Integer,GB200 NVL NvswitchTray,Available OOB,NMX-T,NMX-T,,NMX-T,one canonical series unless source-qualified duplicate is justified,extend NmxtCollector mapping,nvswitch_contain_drain_xmit_discard MetricSample,gap,gap-needs-implementation,No exact current collector mapping found,,NA,contain_n_drain_xmit_discards,NA,,required: parser fixture plus metric emission assertion; live GB evidence before review pause,validate on GB200 NVLink Switch BMC/HOST after branch build-test-lint review
1697,NVSWITCH-CONTAIN-DRAIN-RCV-DISCARD,CONTAIN-DRAIN-RCV-DISCARD,Number of receive discards related to the contain and drain mechanism on NVLink ports,Performance,Integer,GB200 NVL NvswitchTray,Available OOB,NMX-T,NMX-T,,NMX-T,one canonical series unless source-qualified duplicate is justified,extend NmxtCollector mapping,nvswitch_contain_drain_rcv_discard MetricSample,gap,gap-needs-implementation,No exact current collector mapping found,,NA,contain_n_drain_rcv_discards,NA,,required: parser fixture plus metric emission assertion; live GB evidence before review pause,validate on GB200 NVLink Switch BMC/HOST after branch build-test-lint review
1698,NVSWITCH-DEVICE-NUM,DEVICE-NUM,Device number on tray,Config,Integer,GB200 NVL NvswitchTray,Available OOB,NMX-T,NMX-T,,NMX-T,one canonical series unless source-qualified duplicate is justified,extend NmxtCollector mapping,nvswitch_device_num MetricSample,gap,gap-needs-implementation,No exact current collector mapping found,,NA,device_num_on_tray,NA,,required: parser fixture plus metric emission assertion; live GB evidence before review pause,validate on GB200 NVLink Switch BMC/HOST after branch build-test-lint review
1699,NVSWITCH-BOARD-TYPE,BOARD-TYPE,board type,Config,Text,GB200 NVL NvswitchTray,Available OOB,NMX-T,NMX-T,,NMX-T,one canonical series unless source-qualified duplicate is justified,extend NmxtCollector mapping,nvswitch_board_type as inventory/info event or state metric with bounded labels,gap,gap-needs-implementation,No exact current collector mapping found,,NA,board_type,NA,,required: parser fixture plus metric emission assertion; live GB evidence before review pause,validate on GB200 NVLink Switch BMC/HOST after branch build-test-lint review
1700,NVSWITCH-CHASSIS-SLOT-IDX,CHASSIS-SLOT-IDX,chassis slot index,Config,Integer,GB200 NVL NvswitchTray,Available OOB,NMX-T,NMX-T,,NMX-T,one canonical series unless source-qualified duplicate is justified,extend NmxtCollector mapping,nvswitch_chassis_slot_idx MetricSample,gap,gap-needs-implementation,No exact current collector mapping found,,NA,chassis_slot_index,NA,,required: parser fixture plus metric emission assertion; live GB evidence before review pause,validate on GB200 NVLink Switch BMC/HOST after branch build-test-lint review
1701,NVSWITCH-TRAY-IDX,TRAY-IDX,Tray index,Config,Integer,GB200 NVL NvswitchTray,Available OOB,NMX-T,NMX-T,,NMX-T,one canonical series unless source-qualified duplicate is justified,extend NmxtCollector mapping,nvswitch_tray_idx MetricSample,gap,gap-needs-implementation,No exact current collector mapping found,,NA,tray_index,NA,,required: parser fixture plus metric emission assertion; live GB evidence before review pause,validate on GB200 NVLink Switch BMC/HOST after branch build-test-lint review
1702,NVSWITCH-TOPOLOGY-ID,TOPOLOGY-ID,Topology Id,Config,Integer,GB200 NVL NvswitchTray,Available OOB,NMX-T,NMX-T,,NMX-T,one canonical series unless source-qualified duplicate is justified,extend NmxtCollector mapping,nvswitch_topology_id MetricSample,gap,gap-needs-implementation,No exact current collector mapping found,,NA,topology_id,NA,,required: parser fixture plus metric emission assertion; live GB evidence before review pause,validate on GB200 NVLink Switch BMC/HOST after branch build-test-lint review
1703,NVSWITCH-CHASSIS-ID,CHASSIS-ID,Chassis Id,Config,Text,GB200 NVL NvswitchTray,Available OOB,NMX-T,NMX-T,,NMX-T,one canonical series unless source-qualified duplicate is justified,extend NmxtCollector mapping,nvswitch_chassis_id as inventory/info event or state metric with bounded labels,gap,gap-needs-implementation,No exact current collector mapping found,,NA,chassis_id,NA,,required: parser fixture plus metric emission assertion; live GB evidence before review pause,validate on GB200 NVLink Switch BMC/HOST after branch build-test-lint review
1704,NVSWITCH-RAW-ERR-LANE-2,RAW-ERR-LANE-2,Raw errors lane 2,Link-Quality,Integer,GB200 NVL NvswitchTray,Available OOB,NMX-T,NMX-T,,NMX-T,one canonical series unless source-qualified duplicate is justified,extend NmxtCollector mapping,nvswitch_raw_err_lane_2 MetricSample,gap,gap-needs-implementation,No exact current collector mapping found,,NA,Raw_Errors_Lane_2,NA,,required: parser fixture plus metric emission assertion; live GB evidence before review pause,validate on GB200 NVLink Switch BMC/HOST after branch build-test-lint review
1705,NVSWITCH-RAW-ERR-LANE-3,RAW-ERR-LANE-3,Raw errors lane 3,Link-Quality,Integer,GB200 NVL NvswitchTray,Available OOB,NMX-T,NMX-T,,NMX-T,one canonical series unless source-qualified duplicate is justified,extend NmxtCollector mapping,nvswitch_raw_err_lane_3 MetricSample,gap,gap-needs-implementation,No exact current collector mapping found,,NA,Raw_Errors_Lane_3,NA,,required: parser fixture plus metric emission assertion; live GB evidence before review pause,validate on GB200 NVLink Switch BMC/HOST after branch build-test-lint review
1706,NVSWITCH-RQ-NUM-WRFE,RQ-NUM-WRFE,RQ num wrfe,Link-Quality,Integer,GB200 NVL NvswitchTray,Available OOB,NMX-T,NMX-T,,NMX-T,one canonical series unless source-qualified duplicate is justified,extend NmxtCollector mapping,nvswitch_rq_num_wrfe MetricSample,gap,gap-needs-implementation,No exact current collector mapping found,,NA,rq_num_wrfe,NA,,required: parser fixture plus metric emission assertion; live GB evidence before review pause,validate on GB200 NVLink Switch BMC/HOST after branch build-test-lint review
1707,NVSWITCH-RQ-NUM-LLE,RQ-NUM-LLE,RQ num LLE,Link-Quality,Integer,GB200 NVL NvswitchTray,Available OOB,NMX-T,NMX-T,,NMX-T,one canonical series unless source-qualified duplicate is justified,extend NmxtCollector mapping,nvswitch_rq_num_lle MetricSample,gap,gap-needs-implementation,No exact current collector mapping found,,NA,rq_num_lle,NA,,required: parser fixture plus metric emission assertion; live GB evidence before review pause,validate on GB200 NVLink Switch BMC/HOST after branch build-test-lint review
1708,NVSWITCH-SQ-NUM-WRFE,SQ-NUM-WRFE,SQ num wrfe,Link-Quality,Integer,GB200 NVL NvswitchTray,Available OOB,NMX-T,NMX-T,,NMX-T,one canonical series unless source-qualified duplicate is justified,extend NmxtCollector mapping,nvswitch_sq_num_wrfe MetricSample,gap,gap-needs-implementation,No exact current collector mapping found,,NA,sq_num_wrfe,NA,,required: parser fixture plus metric emission assertion; live GB evidence before review pause,validate on GB200 NVLink Switch BMC/HOST after branch build-test-lint review
2293,NVSWITCH-CABLE-OPER-STATUS,CABLE-OPER-STATUS,,Link-Quality,Float,GB200 NVL NvswitchTray,Needs Review,NVOS gNMI,NVOS gNMI,,NVOS gNMI,one canonical series unless source-qualified duplicate is justified,extend NvueGnmiCollector sample paths/processors,nvswitch_cable_oper_status MetricSample,gap,gap-needs-implementation,No exact current collector mapping found,,/components/component[name]/transceiver/transceiver-diag/state/module-oper-status,NA,NA,,required: parser fixture plus metric emission assertion; live GB evidence before review pause,validate on GB200 NVLink Switch BMC/HOST after branch build-test-lint review
2294,NVSWITCH-CABLE-SNR-MEDIA-LANE-N,CABLE-SNR-MEDIA-LANE-N,,Link-Quality,Float,GB200 NVL NvswitchTray,Needs Review,,BLOCKER source resolution,,No catalog source listed for GB200 row,source-resolution blocker,BLOCKER: source resolution required,nvswitch_cable_snr_media_lane_n MetricSample,catalog_no_source_gap,blocker-source-resolution,Catalog row has no source listed,,NA,NA,NA,,required: parser fixture plus metric emission assertion; live GB evidence before review pause,validate on GB200 NVLink Switch BMC/HOST after branch build-test-lint review
2295,NVSWITCH-CABLE-SNR-HOST-LANE-N,CABLE-SNR-HOST-LANE-N,,Link-Quality,Float,GB200 NVL NvswitchTray,Needs Review,,BLOCKER source resolution,,No catalog source listed for GB200 row,source-resolution blocker,BLOCKER: source resolution required,nvswitch_cable_snr_host_lane_n MetricSample,catalog_no_source_gap,blocker-source-resolution,Catalog row has no source listed,,NA,NA,NA,,required: parser fixture plus metric emission assertion; live GB evidence before review pause,validate on GB200 NVLink Switch BMC/HOST after branch build-test-lint review
2296,NVSWITCH-NVSWITCH-CABLE-RX-POWER-LANE-LOW-N,NVSWITCH-CABLE-RX-POWER-LANE-LOW-N,,Link-Quality,Float,GB200 NVL NvswitchTray,Needs Review,NVOS gNMI,NVOS gNMI,,NVOS gNMI,one canonical series unless source-qualified duplicate is justified,extend NvueGnmiCollector sample paths/processors,nvswitch_nvswitch_cable_rx_power_lane_low_n MetricSample,gap,gap-needs-implementation,No exact current collector mapping found,,/components/component[name]/transceiver/thresholds/threshold[severity=CRITICAL]/state/input-power-lower,NA,NA,,required: parser fixture plus metric emission assertion; live GB evidence before review pause,validate on GB200 NVLink Switch BMC/HOST after branch build-test-lint review
2297,NVSWITCH-NVSWITCH-CABLE-TX-POWER-LANE-LOW-N,NVSWITCH-CABLE-TX-POWER-LANE-LOW-N,,Link-Quality,Float,GB200 NVL NvswitchTray,Needs Review,NVOS gNMI,NVOS gNMI,,NVOS gNMI,one canonical series unless source-qualified duplicate is justified,extend NvueGnmiCollector sample paths/processors,nvswitch_nvswitch_cable_tx_power_lane_low_n MetricSample,gap,gap-needs-implementation,No exact current collector mapping found,,/components/component[name]/transceiver/thresholds/threshold[severity=CRITICAL]/state/output-power-lower,NA,NA,,required: parser fixture plus metric emission assertion; live GB evidence before review pause,validate on GB200 NVLink Switch BMC/HOST after branch build-test-lint review
2298,NVSWITCH-NVSWITCH-CABLE-RX-POWER-LANE-HIGH-N,NVSWITCH-CABLE-RX-POWER-LANE-HIGH-N,,Link-Quality,Float,GB200 NVL NvswitchTray,Needs Review,NVOS gNMI,NVOS gNMI,,NVOS gNMI,one canonical series unless source-qualified duplicate is justified,extend NvueGnmiCollector sample paths/processors,nvswitch_nvswitch_cable_rx_power_lane_high_n MetricSample,gap,gap-needs-implementation,No exact current collector mapping found,,/components/component[name]/transceiver/thresholds/threshold[severity=CRITICAL]/state/input-power-upper,NA,NA,,required: parser fixture plus metric emission assertion; live GB evidence before review pause,validate on GB200 NVLink Switch BMC/HOST after branch build-test-lint review
2299,NVSWITCH-NVSWITCH-CABLE-TX-POWER-LANE-HIGH-N,NVSWITCH-CABLE-TX-POWER-LANE-HIGH-N,,Link-Quality,Float,GB200 NVL NvswitchTray,Needs Review,NVOS gNMI,NVOS gNMI,,NVOS gNMI,one canonical series unless source-qualified duplicate is justified,extend NvueGnmiCollector sample paths/processors,nvswitch_nvswitch_cable_tx_power_lane_high_n MetricSample,gap,gap-needs-implementation,No exact current collector mapping found,,/components/component[name]/transceiver/thresholds/threshold[severity=CRITICAL]/state/output-power-upper,NA,NA,,required: parser fixture plus metric emission assertion; live GB evidence before review pause,validate on GB200 NVLink Switch BMC/HOST after branch build-test-lint review
